"codciclo":"ADG201","nombreciclo":"Gestion Administrativa","grado":"GMedio"-n-"nombrecentro":"ACADEMIA MARCO","mailcentro":"info@academiamarco.com"-n-"grado":"GMedio"
"codciclo":"ADG201","nombreciclo":"Gestion Administrativa","grado":"GMedio"-n-"nombrecentro":"ALAON","mailcentro":"centroalaun@alaun.es"-n-"grado":"GMedio"
"codciclo":"ADG201","nombreciclo":"Gestion Administrativa","grado":"GMedio"-n-"nombrecentro":"ANDALAN","mailcentro":"iesandzaragoza@educa.aragon.es"-n-"grado":"GMedio"
"codciclo":"ADG201","nombreciclo":"Gestion Administrativa","grado":"GMedio"-n-"nombrecentro":"BAJO ARAGON","mailcentro":"cpifpbajoaragon@educa.aragon.es"-n-"grado":"GMedio"
"codciclo":"ADG201","nombreciclo":"Gestion Administrativa","grado":"GMedio"-n-"nombrecentro":"BAJO CINCA","mailcentro":"iesbcfraga@educa.aragon.es"-n-"grado":"GMedio"
"codciclo":"ADG201","nombreciclo":"Gestion Administrativa","grado":"GMedio"-n-"nombrecentro":"BENJAMIN JARNES","mailcentro":"iesfuentes@educa.aragon.es"-n-"grado":"GMedio"
"codciclo":"ADG201","nombreciclo":"Gestion Administrativa","grado":"GMedio"-n-"nombrecentro":"BIELLO ARAGON","mailcentro":"iesbasabinanigo@educa.aragon.es"-n-"grado":"GMedio"
"codciclo":"ADG201","nombreciclo":"Gestion Administrativa","grado":"GMedio"-n-"nombrecentro":"CABAÑAS","mailcentro":"iesalmunia@educa.aragon.es"-n-"grado":"GMedio"
"codciclo":"ADG201","nombreciclo":"Gestion Administrativa","grado":"GMedio"-n-"nombrecentro":"CEFOR IZQUIERDO","mailcentro":"ciclos@izquierdofp.es"-n-"grado":"GMedio"
"codciclo":"ADG201","nombreciclo":"Gestion Administrativa","grado":"GMedio"-n-"nombrecentro":"CINCO VILLAS","mailcentro":"iescvejea@educa.aragon.es"-n-"grado":"GMedio"
"codciclo":"ADG201","nombreciclo":"Gestion Administrativa","grado":"GMedio"-n-"nombrecentro":"CONDES DE ARAGON","mailcentro":"condesfp@condesfp.jazztel.es"-n-"grado":"GMedio"
"codciclo":"ADG201","nombreciclo":"Gestion Administrativa","grado":"GMedio"-n-"nombrecentro":"CORONA DE ARAGON","mailcentro":"cpifpcorona@educa.aragon.es"-n-"grado":"GMedio"
"codciclo":"ADG201","nombreciclo":"Gestion Administrativa","grado":"GMedio"-n-"nombrecentro":"EL BUEN PASTOR","mailcentro":"secretaria@elbuenpastorzaragoza.net"-n-"grado":"GMedio"
"codciclo":"ADG201","nombreciclo":"Gestion Administrativa","grado":"GMedio"-n-"nombrecentro":"EMILIO JIMENO","mailcentro":"iesejcalatayud@educa.aragon.es"-n-"grado":"GMedio"
"codciclo":"ADG201","nombreciclo":"Gestion Administrativa","grado":"GMedio"-n-"nombrecentro":"ESCUELAS PIAS","mailcentro":"joseignaciobilbao@escolapiosemaus.org"-n-"grado":"GMedio"
"codciclo":"ADG201","nombreciclo":"Gestion Administrativa","grado":"GMedio"-n-"nombrecentro":"FERNANDO LAZARO CARRETER","mailcentro":"iesutrillas@educa.aragon.es"-n-"grado":"GMedio"
"codciclo":"ADG201","nombreciclo":"Gestion Administrativa","grado":"GMedio"-n-"nombrecentro":"GALLICUM","mailcentro":"ieszuera@educa.aragon.es"-n-"grado":"GMedio"
"codciclo":"ADG201","nombreciclo":"Gestion Administrativa","grado":"GMedio"-n-"nombrecentro":"HERMANOS ARGENSOLA","mailcentro":"ieshabarbastro@educa.aragon.es"-n-"grado":"GMedio"
"codciclo":"ADG201","nombreciclo":"Gestion Administrativa","grado":"GMedio"-n-"nombrecentro":"ITACA","mailcentro":"iesitazaragoza@educa.aragon.es"-n-"grado":"GMedio"
"codciclo":"ADG201","nombreciclo":"Gestion Administrativa","grado":"GMedio"-n-"nombrecentro":"LA LLITERA","mailcentro":"iestamarite@educa.aragon.es"-n-"grado":"GMedio"
"codciclo":"ADG201","nombreciclo":"Gestion Administrativa","grado":"GMedio"-n-"nombrecentro":"MAR DE ARAGON","mailcentro":"iescaspe@educa.aragon.es"-n-"grado":"GMedio"
"codciclo":"ADG201","nombreciclo":"Gestion Administrativa","grado":"GMedio"-n-"nombrecentro":"MARIA AUXILIADORA","mailcentro":"titularzaragoza@salesianas.org"-n-"grado":"GMedio"
"codciclo":"ADG201","nombreciclo":"Gestion Administrativa","grado":"GMedio"-n-"nombrecentro":"MIGUEL CATALAN","mailcentro":"iesmcazaragoza@educa.aragon.es"-n-"grado":"GMedio"
"codciclo":"ADG201","nombreciclo":"Gestion Administrativa","grado":"GMedio"-n-"nombrecentro":"MONEGROS-GASPAR LAX","mailcentro":"iessarinena@educa.aragon.es"-n-"grado":"GMedio"
"codciclo":"ADG201","nombreciclo":"Gestion Administrativa","grado":"GMedio"-n-"nombrecentro":"OBRA DIOCESANA SANTO DOMINGO DE SILOS","mailcentro":"odsds@planalfa.es"-n-"grado":"GMedio"
"codciclo":"ADG201","nombreciclo":"Gestion Administrativa","grado":"GMedio"-n-"nombrecentro":"PABLO SERRANO","mailcentro":"iesandorra@educa.aragon.es"-n-"grado":"GMedio"
"codciclo":"ADG201","nombreciclo":"Gestion Administrativa","grado":"GMedio"-n-"nombrecentro":"PABLO SERRANO","mailcentro":"iespsezaragoza@educa.aragon.es"-n-"grado":"GMedio"
"codciclo":"ADG201","nombreciclo":"Gestion Administrativa","grado":"GMedio"-n-"nombrecentro":"PEDRO CERRADA","mailcentro":"iesutebo@educa.aragon.es"-n-"grado":"GMedio"
"codciclo":"ADG201","nombreciclo":"Gestion Administrativa","grado":"GMedio"-n-"nombrecentro":"PLUS ULTRA","mailcentro":"centro@plusultraformacion.com"-n-"grado":"GMedio"
"codciclo":"ADG201","nombreciclo":"Gestion Administrativa","grado":"GMedio"-n-"nombrecentro":"RODANAS","mailcentro":"iesepila@educa.aragon.es"-n-"grado":"GMedio"
"codciclo":"ADG201","nombreciclo":"Gestion Administrativa","grado":"GMedio"-n-"nombrecentro":"SAN VALERO","mailcentro":"infoces@svalero.es"-n-"grado":"GMedio"
"codciclo":"ADG201","nombreciclo":"Gestion Administrativa","grado":"GMedio"-n-"nombrecentro":"SAN VICENTE DE PAOL","mailcentro":"svpaulz@planalfa.es"-n-"grado":"GMedio"
"codciclo":"ADG201","nombreciclo":"Gestion Administrativa","grado":"GMedio"-n-"nombrecentro":"SANTA EMERENCIANA","mailcentro":"iessemteruel@educa.aragon.es"-n-"grado":"GMedio"
"codciclo":"ADG201","nombreciclo":"Gestion Administrativa","grado":"GMedio"-n-"nombrecentro":"SANTIAGO HERNANDEZ","mailcentro":"iesshezaragoza@educa.aragon.es"-n-"grado":"GMedio"
"codciclo":"ADG201","nombreciclo":"Gestion Administrativa","grado":"GMedio"-n-"nombrecentro":"SANTO DOMINGO SAVIO","mailcentro":"colegio.monzon@salesianos.org"-n-"grado":"GMedio"
"codciclo":"ADG201","nombreciclo":"Gestion Administrativa","grado":"GMedio"-n-"nombrecentro":"SIERRA DE GUARA","mailcentro":"iessguhuesca@educa.aragon.es"-n-"grado":"GMedio"
"codciclo":"ADG201","nombreciclo":"Gestion Administrativa","grado":"GMedio"-n-"nombrecentro":"SIGLO XXI","mailcentro":"iespedrola@educa.aragon.es"-n-"grado":"GMedio"
"codciclo":"ADG201","nombreciclo":"Gestion Administrativa","grado":"GMedio"-n-"nombrecentro":"TIEMPOS MODERNOS","mailcentro":"iestiemposmodernos@educa.aragon.es"-n-"grado":"GMedio"
"codciclo":"ADG201","nombreciclo":"Gestion Administrativa","grado":"GMedio"-n-"nombrecentro":"TUBALCAIN","mailcentro":"iestarazona@educa.aragon.es"-n-"grado":"GMedio"
"codciclo":"ADG301","nombreciclo":"Administracion y Finanzas","grado":"GSuperior"-n-"nombrecentro":"ANDALAN","mailcentro":"iesandzaragoza@educa.aragon.es"-n-"grado":"GSuperior"
"codciclo":"ADG301","nombreciclo":"Administracion y Finanzas","grado":"GSuperior"-n-"nombrecentro":"BAJO CINCA","mailcentro":"iesbcfraga@educa.aragon.es"-n-"grado":"GSuperior"
"codciclo":"ADG301","nombreciclo":"Administracion y Finanzas","grado":"GSuperior"-n-"nombrecentro":"BIELLO ARAGON","mailcentro":"iesbasabinanigo@educa.aragon.es"-n-"grado":"GSuperior"
"codciclo":"ADG301","nombreciclo":"Administracion y Finanzas","grado":"GSuperior"-n-"nombrecentro":"CABAÑAS","mailcentro":"iesalmunia@educa.aragon.es"-n-"grado":"GSuperior"
"codciclo":"ADG301","nombreciclo":"Administracion y Finanzas","grado":"GSuperior"-n-"nombrecentro":"CEFOR IZQUIERDO","mailcentro":"ciclos@izquierdofp.es"-n-"grado":"GSuperior"
"codciclo":"ADG301","nombreciclo":"Administracion y Finanzas","grado":"GSuperior"-n-"nombrecentro":"CINCO VILLAS","mailcentro":"iescvejea@educa.aragon.es"-n-"grado":"GSuperior"
"codciclo":"ADG301","nombreciclo":"Administracion y Finanzas","grado":"GSuperior"-n-"nombrecentro":"COLEGIO MONTESSORI","mailcentro":"administracion@colegiomontessori.com"-n-"grado":"GSuperior"
"codciclo":"ADG301","nombreciclo":"Administracion y Finanzas","grado":"GSuperior"-n-"nombrecentro":"CORONA DE ARAGON","mailcentro":"cpifpcorona@educa.aragon.es"-n-"grado":"GSuperior"
"codciclo":"ADG301","nombreciclo":"Administracion y Finanzas","grado":"GSuperior"-n-"nombrecentro":"EL BUEN PASTOR","mailcentro":"secretaria@elbuenpastorzaragoza.net"-n-"grado":"GSuperior"
"codciclo":"ADG301","nombreciclo":"Administracion y Finanzas","grado":"GSuperior"-n-"nombrecentro":"EMILIO JIMENO","mailcentro":"iesejcalatayud@educa.aragon.es"-n-"grado":"GSuperior"
"codciclo":"ADG301","nombreciclo":"Administracion y Finanzas","grado":"GSuperior"-n-"nombrecentro":"FERNANDO LAZARO CARRETER","mailcentro":"iesutrillas@educa.aragon.es"-n-"grado":"GSuperior"
"codciclo":"ADG301","nombreciclo":"Administracion y Finanzas","grado":"GSuperior"-n-"nombrecentro":"GALLICUM","mailcentro":"ieszuera@educa.aragon.es"-n-"grado":"GSuperior"
"codciclo":"ADG301","nombreciclo":"Administracion y Finanzas","grado":"GSuperior"-n-"nombrecentro":"HERMANOS ARGENSOLA","mailcentro":"ieshabarbastro@educa.aragon.es"-n-"grado":"GSuperior"
"codciclo":"ADG301","nombreciclo":"Administracion y Finanzas","grado":"GSuperior"-n-"nombrecentro":"ITACA","mailcentro":"iesitazaragoza@educa.aragon.es"-n-"grado":"GSuperior"
"codciclo":"ADG301","nombreciclo":"Administracion y Finanzas","grado":"GSuperior"-n-"nombrecentro":"LA LLITERA","mailcentro":"iestamarite@educa.aragon.es"-n-"grado":"GSuperior"
"codciclo":"ADG301","nombreciclo":"Administracion y Finanzas","grado":"GSuperior"-n-"nombrecentro":"MAR DE ARAGON","mailcentro":"iescaspe@educa.aragon.es"-n-"grado":"GSuperior"
"codciclo":"ADG301","nombreciclo":"Administracion y Finanzas","grado":"GSuperior"-n-"nombrecentro":"MARIA AUXILIADORA","mailcentro":"titularzaragoza@salesianas.org"-n-"grado":"GSuperior"
"codciclo":"ADG301","nombreciclo":"Administracion y Finanzas","grado":"GSuperior"-n-"nombrecentro":"MIGUEL CATALAN","mailcentro":"iesmcazaragoza@educa.aragon.es"-n-"grado":"GSuperior"
"codciclo":"ADG301","nombreciclo":"Administracion y Finanzas","grado":"GSuperior"-n-"nombrecentro":"OBRA DIOCESANA SANTO DOMINGO DE SILOS","mailcentro":"odsds@planalfa.es"-n-"grado":"GSuperior"
"codciclo":"ADG301","nombreciclo":"Administracion y Finanzas","grado":"GSuperior"-n-"nombrecentro":"PABLO SERRANO","mailcentro":"iesandorra@educa.aragon.es"-n-"grado":"GSuperior"
"codciclo":"ADG301","nombreciclo":"Administracion y Finanzas","grado":"GSuperior"-n-"nombrecentro":"PABLO SERRANO","mailcentro":"iespsezaragoza@educa.aragon.es"-n-"grado":"GSuperior"
"codciclo":"ADG301","nombreciclo":"Administracion y Finanzas","grado":"GSuperior"-n-"nombrecentro":"PEDRO CERRADA","mailcentro":"iesutebo@educa.aragon.es"-n-"grado":"GSuperior"
"codciclo":"ADG301","nombreciclo":"Administracion y Finanzas","grado":"GSuperior"-n-"nombrecentro":"RODANAS","mailcentro":"iesepila@educa.aragon.es"-n-"grado":"GSuperior"
"codciclo":"ADG301","nombreciclo":"Administracion y Finanzas","grado":"GSuperior"-n-"nombrecentro":"SAN VALERO","mailcentro":"infoces@svalero.es"-n-"grado":"GSuperior"
"codciclo":"ADG301","nombreciclo":"Administracion y Finanzas","grado":"GSuperior"-n-"nombrecentro":"SANTA EMERENCIANA","mailcentro":"iessemteruel@educa.aragon.es"-n-"grado":"GSuperior"
"codciclo":"ADG301","nombreciclo":"Administracion y Finanzas","grado":"GSuperior"-n-"nombrecentro":"SANTIAGO HERNANDEZ","mailcentro":"iesshezaragoza@educa.aragon.es"-n-"grado":"GSuperior"
"codciclo":"ADG301","nombreciclo":"Administracion y Finanzas","grado":"GSuperior"-n-"nombrecentro":"SANTO DOMINGO SAVIO","mailcentro":"colegio.monzon@salesianos.org"-n-"grado":"GSuperior"
"codciclo":"ADG301","nombreciclo":"Administracion y Finanzas","grado":"GSuperior"-n-"nombrecentro":"SIERRA DE GUARA","mailcentro":"iessguhuesca@educa.aragon.es"-n-"grado":"GSuperior"
"codciclo":"ADG301","nombreciclo":"Administracion y Finanzas","grado":"GSuperior"-n-"nombrecentro":"TIEMPOS MODERNOS","mailcentro":"iestiemposmodernos@educa.aragon.es"-n-"grado":"GSuperior"
"codciclo":"ADG301","nombreciclo":"Administracion y Finanzas","grado":"GSuperior"-n-"nombrecentro":"TUBALCAIN","mailcentro":"iestarazona@educa.aragon.es"-n-"grado":"GSuperior"
"codciclo":"ADG302","nombreciclo":"Asistencia a la direccion","grado":"GSuperior"-n-"nombrecentro":"BAJO ARAGON","mailcentro":"cpifpbajoaragon@educa.aragon.es"-n-"grado":"GSuperior"
"codciclo":"ADG302","nombreciclo":"Asistencia a la direccion","grado":"GSuperior"-n-"nombrecentro":"CORONA DE ARAGON","mailcentro":"cpifpcorona@educa.aragon.es"-n-"grado":"GSuperior"
"codciclo":"AFD201","nombreciclo":"Conduccion de Actividades Fisico-Deportivas en el Medio Natural","grado":"GMedio"-n-"nombrecentro":"DE SAN BLAS","mailcentro":"ifpeteruel@educa.aragon.es"-n-"grado":"GMedio"
"codciclo":"AFD201","nombreciclo":"Conduccion de Actividades Fisico-Deportivas en el Medio Natural","grado":"GMedio"-n-"nombrecentro":"ITACA","mailcentro":"iesitazaragoza@educa.aragon.es"-n-"grado":"GMedio"
"codciclo":"AFD201","nombreciclo":"Conduccion de Actividades Fisico-Deportivas en el Medio Natural","grado":"GMedio"-n-"nombrecentro":"MAR DE ARAGON","mailcentro":"iescaspe@educa.aragon.es"-n-"grado":"GMedio"
"codciclo":"AFD201","nombreciclo":"Conduccion de Actividades Fisico-Deportivas en el Medio Natural","grado":"GMedio"-n-"nombrecentro":"SOBRARBE","mailcentro":"iesainsa@educa.aragon.es"-n-"grado":"GMedio"
"codciclo":"AFD301","nombreciclo":"Animacion de Actividades Fisicas y Deportivas","grado":"GSuperior"-n-"nombrecentro":"FRANCES DE ARANDA","mailcentro":"iesfrateruel@educa.aragon.es"-n-"grado":"GSuperior"
"codciclo":"AFD301","nombreciclo":"Animacion de Actividades Fisicas y Deportivas","grado":"GSuperior"-n-"nombrecentro":"ITACA","mailcentro":"iesitazaragoza@educa.aragon.es"-n-"grado":"GSuperior"
"codciclo":"AFD301","nombreciclo":"Animacion de Actividades Fisicas y Deportivas","grado":"GSuperior"-n-"nombrecentro":"OBRA DIOCESANA SANTO DOMINGO DE SILOS","mailcentro":"odsds@planalfa.es"-n-"grado":"GSuperior"
"codciclo":"AFD301","nombreciclo":"Animacion de Actividades Fisicas y Deportivas","grado":"GSuperior"-n-"nombrecentro":"PIRAMIDE","mailcentro":"cpifppiramide@educa.aragon.es"-n-"grado":"GSuperior"
"codciclo":"AFD301","nombreciclo":"Animacion de Actividades Fisicas y Deportivas","grado":"GSuperior"-n-"nombrecentro":"REYES CATOLICOS","mailcentro":"iesrcejea@educa.aragon.es"-n-"grado":"GSuperior"
"codciclo":"AFD301","nombreciclo":"Enseñanza y animacion sociodeportiva","grado":"GSuperior"-n-"nombrecentro":"FRANCES DE ARANDA","mailcentro":"iesfrateruel@educa.aragon.es"-n-"grado":"GSuperior"
"codciclo":"AFD301","nombreciclo":"Enseñanza y animacion sociodeportiva","grado":"GSuperior"-n-"nombrecentro":"ITACA","mailcentro":"iesitazaragoza@educa.aragon.es"-n-"grado":"GSuperior"
"codciclo":"AFD301","nombreciclo":"Enseñanza y animacion sociodeportiva","grado":"GSuperior"-n-"nombrecentro":"OBRA DIOCESANA SANTO DOMINGO DE SILOS","mailcentro":"odsds@planalfa.es"-n-"grado":"GSuperior"
"codciclo":"AFD301","nombreciclo":"Enseñanza y animacion sociodeportiva","grado":"GSuperior"-n-"nombrecentro":"PIRAMIDE","mailcentro":"cpifppiramide@educa.aragon.es"-n-"grado":"GSuperior"
"codciclo":"AFD301","nombreciclo":"Enseñanza y animacion sociodeportiva","grado":"GSuperior"-n-"nombrecentro":"REYES CATOLICOS","mailcentro":"iesrcejea@educa.aragon.es"-n-"grado":"GSuperior"
"codciclo":"AFD302","nombreciclo":"Acondicionamiento fisico","grado":"GSuperior"-n-"nombrecentro":"FRANCES DE ARANDA","mailcentro":"iesfrateruel@educa.aragon.es"-n-"grado":"GSuperior"
"codciclo":"AFD302","nombreciclo":"Acondicionamiento fisico","grado":"GSuperior"-n-"nombrecentro":"ITACA","mailcentro":"iesitazaragoza@educa.aragon.es"-n-"grado":"GSuperior"
"codciclo":"AGA201","nombreciclo":"Produccion Agropecuaria","grado":"GMedio"-n-"nombrecentro":"DE MOVERA","mailcentro":"cpifpmovera@educa.aragon.es"-n-"grado":"GMedio"
"codciclo":"AGA201","nombreciclo":"Produccion Agropecuaria","grado":"GMedio"-n-"nombrecentro":"DE SAN BLAS","mailcentro":"ifpeteruel@educa.aragon.es"-n-"grado":"GMedio"
"codciclo":"AGA201","nombreciclo":"Produccion Agropecuaria","grado":"GMedio"-n-"nombrecentro":"E.F.A. EL SALTO","mailcentro":"elsalto@efasdearagon.org"-n-"grado":"GMedio"
"codciclo":"AGA201","nombreciclo":"Produccion Agropecuaria","grado":"GMedio"-n-"nombrecentro":"MONTEARAGON","mailcentro":"cpifpmontearagon@educa.aragon.es"-n-"grado":"GMedio"
"codciclo":"AGA201","nombreciclo":"Produccion Agropecuaria","grado":"GMedio"-n-"nombrecentro":"REYES CATOLICOS","mailcentro":"iesrcejea@educa.aragon.es"-n-"grado":"GMedio"
"codciclo":"AGA204","nombreciclo":"Jardineria y Floristeria","grado":"GMedio"-n-"nombrecentro":"DE MOVERA","mailcentro":"cpifpmovera@educa.aragon.es"-n-"grado":"GMedio"
"codciclo":"AGA204","nombreciclo":"Jardineria y Floristeria","grado":"GMedio"-n-"nombrecentro":"MONTEARAGON","mailcentro":"cpifpmontearagon@educa.aragon.es"-n-"grado":"GMedio"
"codciclo":"AGA205","nombreciclo":"Aprovechamiento y Conservacion del Medio Natural","grado":"GMedio"-n-"nombrecentro":"DE MOVERA","mailcentro":"cpifpmovera@educa.aragon.es"-n-"grado":"GMedio"
"codciclo":"AGA205","nombreciclo":"Aprovechamiento y Conservacion del Medio Natural","grado":"GMedio"-n-"nombrecentro":"DE SAN BLAS","mailcentro":"ifpeteruel@educa.aragon.es"-n-"grado":"GMedio"
"codciclo":"AGA205","nombreciclo":"Aprovechamiento y Conservacion del Medio Natural","grado":"GMedio"-n-"nombrecentro":"E.F.A. BOALARES","mailcentro":"boalares@efasdearagon.es"-n-"grado":"GMedio"
"codciclo":"AGA205","nombreciclo":"Aprovechamiento y Conservacion del Medio Natural","grado":"GMedio"-n-"nombrecentro":"INSTITUTO DE FORMACION AGROAMBIENTAL","mailcentro":"ifaja@aragon.es"-n-"grado":"GMedio"
"codciclo":"AGA205","nombreciclo":"Aprovechamiento y Conservacion del Medio Natural","grado":"GMedio"-n-"nombrecentro":"MONTEARAGON","mailcentro":"cpifpmontearagon@educa.aragon.es"-n-"grado":"GMedio"
"codciclo":"AGA205","nombreciclo":"Aprovechamiento y Conservacion del Medio Natural","grado":"GMedio"-n-"nombrecentro":"SAN GABRIEL","mailcentro":"direccion@sangabriel.es"-n-"grado":"GMedio"
"codciclo":"AGA205","nombreciclo":"Aprovechamiento y Conservacion del Medio Natural","grado":"GMedio"-n-"nombrecentro":"SIERRA DE LA VIRGEN","mailcentro":"iesillueca@educa.aragon.es"-n-"grado":"GMedio"
"codciclo":"AGA302","nombreciclo":"Gestion Forestal y del Medio Natural","grado":"GSuperior"-n-"nombrecentro":"DE MOVERA","mailcentro":"cpifpmovera@educa.aragon.es"-n-"grado":"GSuperior"
"codciclo":"AGA302","nombreciclo":"Gestion Forestal y del Medio Natural","grado":"GSuperior"-n-"nombrecentro":"DE SAN BLAS","mailcentro":"ifpeteruel@educa.aragon.es"-n-"grado":"GSuperior"
"codciclo":"AGA302","nombreciclo":"Gestion Forestal y del Medio Natural","grado":"GSuperior"-n-"nombrecentro":"E.F.A. BOALARES","mailcentro":"boalares@efasdearagon.es"-n-"grado":"GSuperior"
"codciclo":"AGA302","nombreciclo":"Gestion Forestal y del Medio Natural","grado":"GSuperior"-n-"nombrecentro":"INSTITUTO DE FORMACION AGROAMBIENTAL","mailcentro":"ifaja@aragon.es"-n-"grado":"GSuperior"
"codciclo":"AGA302","nombreciclo":"Gestion Forestal y del Medio Natural","grado":"GSuperior"-n-"nombrecentro":"MONTEARAGON","mailcentro":"cpifpmontearagon@educa.aragon.es"-n-"grado":"GSuperior"
"codciclo":"AGA303","nombreciclo":"Paisajismo y medio rural","grado":"GSuperior"-n-"nombrecentro":"DE MOVERA","mailcentro":"cpifpmovera@educa.aragon.es"-n-"grado":"GSuperior"
"codciclo":"AGA303","nombreciclo":"Paisajismo y medio rural","grado":"GSuperior"-n-"nombrecentro":"MONTEARAGON","mailcentro":"cpifpmontearagon@educa.aragon.es"-n-"grado":"GSuperior"
"codciclo":"AGA304","nombreciclo":"Tecnico Superior en Ganaderia y Asistencia en Sanidad Animal","grado":"GSuperior"-n-"nombrecentro":"MONTEARAGON","mailcentro":"cpifpmontearagon@educa.aragon.es"-n-"grado":"GSuperior"
"codciclo":"ARG202","nombreciclo":"Impresion Grafica","grado":"GMedio"-n-"nombrecentro":"PILAR LORENGAR","mailcentro":"iesplozaragoza@educa.aragon.es"-n-"grado":"GMedio"
"codciclo":"ARG203","nombreciclo":"Preimpresion Digital","grado":"GMedio"-n-"nombrecentro":"PILAR LORENGAR","mailcentro":"iesplozaragoza@educa.aragon.es"-n-"grado":"GMedio"
"codciclo":"ARG301","nombreciclo":"Diseño y edicion de publicaciones impresas y multimedia","grado":"GSuperior"-n-"nombrecentro":"PILAR LORENGAR","mailcentro":"iesplozaragoza@educa.aragon.es"-n-"grado":"GSuperior"
"codciclo":"COM201","nombreciclo":"Actividades Comerciales","grado":"GMedio"-n-"nombrecentro":"JOSE MANUEL BLECUA","mailcentro":"iesjmbzaragoza@educa.aragon.es"-n-"grado":"GMedio"
"codciclo":"COM201","nombreciclo":"Actividades Comerciales","grado":"GMedio"-n-"nombrecentro":"LOS ENLACES","mailcentro":"cpilosenlaces@educa.aragon.es"-n-"grado":"GMedio"
"codciclo":"COM201","nombreciclo":"Actividades Comerciales","grado":"GMedio"-n-"nombrecentro":"OBRA DIOCESANA SANTO DOMINGO DE SILOS","mailcentro":"odsds@planalfa.es"-n-"grado":"GMedio"
"codciclo":"COM201","nombreciclo":"Actividades Comerciales","grado":"GMedio"-n-"nombrecentro":"PIRAMIDE","mailcentro":"cpifppiramide@educa.aragon.es"-n-"grado":"GMedio"
"codciclo":"COM301","nombreciclo":"Comercio Internacional","grado":"GSuperior"-n-"nombrecentro":"ACADEMIA MARCO","mailcentro":"info@academiamarco.com"-n-"grado":"GSuperior"
"codciclo":"COM301","nombreciclo":"Comercio Internacional","grado":"GSuperior"-n-"nombrecentro":"LOS ENLACES","mailcentro":"cpilosenlaces@educa.aragon.es"-n-"grado":"GSuperior"
"codciclo":"COM302","nombreciclo":"Gestion de ventas y espacios comerciales","grado":"GSuperior"-n-"nombrecentro":"LOS ENLACES","mailcentro":"cpilosenlaces@educa.aragon.es"-n-"grado":"GSuperior"
"codciclo":"COM303","nombreciclo":"Transporte y Logistica","grado":"GSuperior"-n-"nombrecentro":"LOS ENLACES","mailcentro":"cpilosenlaces@educa.aragon.es"-n-"grado":"GSuperior"
"codciclo":"COM303","nombreciclo":"Transporte y Logistica","grado":"GSuperior"-n-"nombrecentro":"SANTA EMERENCIANA","mailcentro":"iessemteruel@educa.aragon.es"-n-"grado":"GSuperior"
"codciclo":"COM304","nombreciclo":"Marketing y publicidad","grado":"GSuperior"-n-"nombrecentro":"ACADEMIA MARCO","mailcentro":"info@academiamarco.com"-n-"grado":"GSuperior"
"codciclo":"COM304","nombreciclo":"Marketing y publicidad","grado":"GSuperior"-n-"nombrecentro":"BAJO CINCA","mailcentro":"iesbcfraga@educa.aragon.es"-n-"grado":"GSuperior"
"codciclo":"COM304","nombreciclo":"Marketing y publicidad","grado":"GSuperior"-n-"nombrecentro":"CEFOR IZQUIERDO","mailcentro":"ciclos@izquierdofp.es"-n-"grado":"GSuperior"
"codciclo":"COM304","nombreciclo":"Marketing y publicidad","grado":"GSuperior"-n-"nombrecentro":"COLEGIO MONTESSORI","mailcentro":"administracion@colegiomontessori.com"-n-"grado":"GSuperior"
"codciclo":"COM304","nombreciclo":"Marketing y publicidad","grado":"GSuperior"-n-"nombrecentro":"LOS ENLACES","mailcentro":"cpilosenlaces@educa.aragon.es"-n-"grado":"GSuperior"
"codciclo":"ELE202","nombreciclo":"Instalaciones Electricas y Automaticas","grado":"GMedio"-n-"nombrecentro":"ACADEMIA MARCO","mailcentro":"info@academiamarco.com"-n-"grado":"GMedio"
"codciclo":"ELE202","nombreciclo":"Instalaciones Electricas y Automaticas","grado":"GMedio"-n-"nombrecentro":"BAJO ARAGON","mailcentro":"cpifpbajoaragon@educa.aragon.es"-n-"grado":"GMedio"
"codciclo":"ELE202","nombreciclo":"Instalaciones Electricas y Automaticas","grado":"GMedio"-n-"nombrecentro":"BENJAMIN JARNES","mailcentro":"iesfuentes@educa.aragon.es"-n-"grado":"GMedio"
"codciclo":"ELE202","nombreciclo":"Instalaciones Electricas y Automaticas","grado":"GMedio"-n-"nombrecentro":"BIELLO ARAGON","mailcentro":"iesbasabinanigo@educa.aragon.es"-n-"grado":"GMedio"
"codciclo":"ELE202","nombreciclo":"Instalaciones Electricas y Automaticas","grado":"GMedio"-n-"nombrecentro":"CONDES DE ARAGON","mailcentro":"condesfp@condesfp.jazztel.es"-n-"grado":"GMedio"
"codciclo":"ELE202","nombreciclo":"Instalaciones Electricas y Automaticas","grado":"GMedio"-n-"nombrecentro":"CORONA DE ARAGON","mailcentro":"cpifpcorona@educa.aragon.es"-n-"grado":"GMedio"
"codciclo":"ELE202","nombreciclo":"Instalaciones Electricas y Automaticas","grado":"GMedio"-n-"nombrecentro":"EMILIO JIMENO","mailcentro":"iesejcalatayud@educa.aragon.es"-n-"grado":"GMedio"
"codciclo":"ELE202","nombreciclo":"Instalaciones Electricas y Automaticas","grado":"GMedio"-n-"nombrecentro":"GALLICUM","mailcentro":"ieszuera@educa.aragon.es"-n-"grado":"GMedio"
"codciclo":"ELE202","nombreciclo":"Instalaciones Electricas y Automaticas","grado":"GMedio"-n-"nombrecentro":"JOSE MANUEL BLECUA","mailcentro":"iesjmbzaragoza@educa.aragon.es"-n-"grado":"GMedio"
"codciclo":"ELE202","nombreciclo":"Instalaciones Electricas y Automaticas","grado":"GMedio"-n-"nombrecentro":"LA SALLE-SANTO ANGEL","mailcentro":"admisaz@lasalle.es"-n-"grado":"GMedio"
"codciclo":"ELE202","nombreciclo":"Instalaciones Electricas y Automaticas","grado":"GMedio"-n-"nombrecentro":"OBRA DIOCESANA SANTO DOMINGO DE SILOS","mailcentro":"odsds@planalfa.es"-n-"grado":"GMedio"
"codciclo":"ELE202","nombreciclo":"Instalaciones Electricas y Automaticas","grado":"GMedio"-n-"nombrecentro":"PABLO SERRANO","mailcentro":"iesandorra@educa.aragon.es"-n-"grado":"GMedio"
"codciclo":"ELE202","nombreciclo":"Instalaciones Electricas y Automaticas","grado":"GMedio"-n-"nombrecentro":"PIRAMIDE","mailcentro":"cpifppiramide@educa.aragon.es"-n-"grado":"GMedio"
"codciclo":"ELE202","nombreciclo":"Instalaciones Electricas y Automaticas","grado":"GMedio"-n-"nombrecentro":"RIO GALLEGO","mailcentro":"iesrgazaragoza@educa.aragon.es"-n-"grado":"GMedio"
"codciclo":"ELE202","nombreciclo":"Instalaciones Electricas y Automaticas","grado":"GMedio"-n-"nombrecentro":"SALESIANO NTRA. SRA.DEL PILAR","mailcentro":"secretaria.zaragoza@salesianos.edu"-n-"grado":"GMedio"
"codciclo":"ELE202","nombreciclo":"Instalaciones Electricas y Automaticas","grado":"GMedio"-n-"nombrecentro":"SALESIANOS LAVIAGA-CASTILLO","mailcentro":"secretaria.laalmunia@salesianos.edu"-n-"grado":"GMedio"
"codciclo":"ELE202","nombreciclo":"Instalaciones Electricas y Automaticas","grado":"GMedio"-n-"nombrecentro":"SANTO DOMINGO SAVIO","mailcentro":"colegio.monzon@salesianos.org"-n-"grado":"GMedio"
"codciclo":"ELE202","nombreciclo":"Instalaciones Electricas y Automaticas","grado":"GMedio"-n-"nombrecentro":"SEGUNDO DE CHOMON","mailcentro":"iesschteruel@educa.aragon.es"-n-"grado":"GMedio"
"codciclo":"ELE203","nombreciclo":"Instalaciones de Telecomunicaciones","grado":"GMedio"-n-"nombrecentro":"ACADEMIA MARCO","mailcentro":"info@academiamarco.com"-n-"grado":"GMedio"
"codciclo":"ELE203","nombreciclo":"Instalaciones de Telecomunicaciones","grado":"GMedio"-n-"nombrecentro":"ANDALAN","mailcentro":"iesandzaragoza@educa.aragon.es"-n-"grado":"GMedio"
"codciclo":"ELE203","nombreciclo":"Instalaciones de Telecomunicaciones","grado":"GMedio"-n-"nombrecentro":"MARTINEZ VARGAS","mailcentro":"iesmvbarbastro@educa.aragon.es"-n-"grado":"GMedio"
"codciclo":"ELE203","nombreciclo":"Instalaciones de Telecomunicaciones","grado":"GMedio"-n-"nombrecentro":"MIRALBUENO","mailcentro":"iesmirzaragoza@educa.aragon.es"-n-"grado":"GMedio"
"codciclo":"ELE203","nombreciclo":"Instalaciones de Telecomunicaciones","grado":"GMedio"-n-"nombrecentro":"OBRA DIOCESANA SANTO DOMINGO DE SILOS","mailcentro":"odsds@planalfa.es"-n-"grado":"GMedio"
"codciclo":"ELE203","nombreciclo":"Instalaciones de Telecomunicaciones","grado":"GMedio"-n-"nombrecentro":"PABLO SERRANO","mailcentro":"iespsezaragoza@educa.aragon.es"-n-"grado":"GMedio"
"codciclo":"ELE203","nombreciclo":"Instalaciones de Telecomunicaciones","grado":"GMedio"-n-"nombrecentro":"PEDRO CERRADA","mailcentro":"iesutebo@educa.aragon.es"-n-"grado":"GMedio"
"codciclo":"ELE203","nombreciclo":"Instalaciones de Telecomunicaciones","grado":"GMedio"-n-"nombrecentro":"SALESIANO NTRA. SRA.DEL PILAR","mailcentro":"secretaria.zaragoza@salesianos.edu"-n-"grado":"GMedio"
"codciclo":"ELE203","nombreciclo":"Instalaciones de Telecomunicaciones","grado":"GMedio"-n-"nombrecentro":"SAN VALERO","mailcentro":"infoces@svalero.es"-n-"grado":"GMedio"
"codciclo":"ELE203","nombreciclo":"Instalaciones de Telecomunicaciones","grado":"GMedio"-n-"nombrecentro":"TIEMPOS MODERNOS","mailcentro":"iestiemposmodernos@educa.aragon.es"-n-"grado":"GMedio"
"codciclo":"ELE301","nombreciclo":"Mantenimiento Electronico","grado":"GSuperior"-n-"nombrecentro":"PABLO SERRANO","mailcentro":"iespsezaragoza@educa.aragon.es"-n-"grado":"GSuperior"
"codciclo":"ELE301","nombreciclo":"Mantenimiento Electronico","grado":"GSuperior"-n-"nombrecentro":"PEDRO CERRADA","mailcentro":"iesutebo@educa.aragon.es"-n-"grado":"GSuperior"
"codciclo":"ELE301","nombreciclo":"Mantenimiento Electronico","grado":"GSuperior"-n-"nombrecentro":"SAN VALERO","mailcentro":"infoces@svalero.es"-n-"grado":"GSuperior"
"codciclo":"ELE302","nombreciclo":"Sistemas Electrotecnicos y Automatizados","grado":"GSuperior"-n-"nombrecentro":"BAJO ARAGON","mailcentro":"cpifpbajoaragon@educa.aragon.es"-n-"grado":"GSuperior"
"codciclo":"ELE302","nombreciclo":"Sistemas Electrotecnicos y Automatizados","grado":"GSuperior"-n-"nombrecentro":"CORONA DE ARAGON","mailcentro":"cpifpcorona@educa.aragon.es"-n-"grado":"GSuperior"
"codciclo":"ELE302","nombreciclo":"Sistemas Electrotecnicos y Automatizados","grado":"GSuperior"-n-"nombrecentro":"MARTINEZ VARGAS","mailcentro":"iesmvbarbastro@educa.aragon.es"-n-"grado":"GSuperior"
"codciclo":"ELE302","nombreciclo":"Sistemas Electrotecnicos y Automatizados","grado":"GSuperior"-n-"nombrecentro":"SALESIANO NTRA. SRA.DEL PILAR","mailcentro":"secretaria.zaragoza@salesianos.edu"-n-"grado":"GSuperior"
"codciclo":"ELE303","nombreciclo":"Automatizacion y Robotica Industrial","grado":"GSuperior"-n-"nombrecentro":"BIELLO ARAGON","mailcentro":"iesbasabinanigo@educa.aragon.es"-n-"grado":"GSuperior"
"codciclo":"ELE303","nombreciclo":"Automatizacion y Robotica Industrial","grado":"GSuperior"-n-"nombrecentro":"GALLICUM","mailcentro":"ieszuera@educa.aragon.es"-n-"grado":"GSuperior"
"codciclo":"ELE303","nombreciclo":"Automatizacion y Robotica Industrial","grado":"GSuperior"-n-"nombrecentro":"LA SALLE-SANTO ANGEL","mailcentro":"admisaz@lasalle.es"-n-"grado":"GSuperior"
"codciclo":"ELE303","nombreciclo":"Automatizacion y Robotica Industrial","grado":"GSuperior"-n-"nombrecentro":"PABLO SERRANO","mailcentro":"iesandorra@educa.aragon.es"-n-"grado":"GSuperior"
"codciclo":"ELE303","nombreciclo":"Automatizacion y Robotica Industrial","grado":"GSuperior"-n-"nombrecentro":"SALESIANO NTRA. SRA.DEL PILAR","mailcentro":"secretaria.zaragoza@salesianos.edu"-n-"grado":"GSuperior"
"codciclo":"ELE303","nombreciclo":"Automatizacion y Robotica Industrial","grado":"GSuperior"-n-"nombrecentro":"SANTO DOMINGO SAVIO","mailcentro":"colegio.monzon@salesianos.org"-n-"grado":"GSuperior"
"codciclo":"ELE303","nombreciclo":"Automatizacion y Robotica Industrial","grado":"GSuperior"-n-"nombrecentro":"SEGUNDO DE CHOMON","mailcentro":"iesschteruel@educa.aragon.es"-n-"grado":"GSuperior"
"codciclo":"ELE303","nombreciclo":"Automatizacion y Robotica Industrial","grado":"GSuperior"-n-"nombrecentro":"VIRGEN DEL PILAR","mailcentro":"iesvdpzaragoza@educa.aragon.es"-n-"grado":"GSuperior"
"codciclo":"ELE304","nombreciclo":"Sistemas de Telecomunicaciones e Informaticos","grado":"GSuperior"-n-"nombrecentro":"ANDALAN","mailcentro":"iesandzaragoza@educa.aragon.es"-n-"grado":"GSuperior"
"codciclo":"ELE304","nombreciclo":"Sistemas de Telecomunicaciones e Informaticos","grado":"GSuperior"-n-"nombrecentro":"PIRAMIDE","mailcentro":"cpifppiramide@educa.aragon.es"-n-"grado":"GSuperior"
"codciclo":"ELE304","nombreciclo":"Sistemas de Telecomunicaciones e Informaticos","grado":"GSuperior"-n-"nombrecentro":"RIO GALLEGO","mailcentro":"iesrgazaragoza@educa.aragon.es"-n-"grado":"GSuperior"
"codciclo":"ELE304","nombreciclo":"Sistemas de Telecomunicaciones e Informaticos","grado":"GSuperior"-n-"nombrecentro":"SALESIANO NTRA. SRA.DEL PILAR","mailcentro":"secretaria.zaragoza@salesianos.edu"-n-"grado":"GSuperior"
"codciclo":"ELE304","nombreciclo":"Sistemas de Telecomunicaciones e Informaticos","grado":"GSuperior"-n-"nombrecentro":"TIEMPOS MODERNOS","mailcentro":"iestiemposmodernos@educa.aragon.es"-n-"grado":"GSuperior"
"codciclo":"ELE305","nombreciclo":"Electromedicina clinica","grado":"GSuperior"-n-"nombrecentro":"RIO GALLEGO","mailcentro":"iesrgazaragoza@educa.aragon.es"-n-"grado":"GSuperior"
"codciclo":"ENA301","nombreciclo":"Eficiencia Energetica y Energia Solar Termica","grado":"GSuperior"-n-"nombrecentro":"PIRAMIDE","mailcentro":"cpifppiramide@educa.aragon.es"-n-"grado":"GSuperior"
"codciclo":"ENA301","nombreciclo":"Eficiencia Energetica y Energia Solar Termica","grado":"GSuperior"-n-"nombrecentro":"VIRGEN DEL PILAR","mailcentro":"iesvdpzaragoza@educa.aragon.es"-n-"grado":"GSuperior"
"codciclo":"ENA302","nombreciclo":"Energias Renovables","grado":"GSuperior"-n-"nombrecentro":"PIRAMIDE","mailcentro":"cpifppiramide@educa.aragon.es"-n-"grado":"GSuperior"
"codciclo":"EOC201","nombreciclo":"Obras de Interior, Decoracion y Rehabilitacion","grado":"GMedio"-n-"nombrecentro":"MIRALBUENO","mailcentro":"iesmirzaragoza@educa.aragon.es"-n-"grado":"GMedio"
"codciclo":"EOC203","nombreciclo":"Construccion","grado":"GMedio"-n-"nombrecentro":"FUNDACION LABORAL DE LA CONSTRUCCION","mailcentro":"jandres@fundacionlaboral.org"-n-"grado":"GMedio"
"codciclo":"EOC301","nombreciclo":"Proyectos de Edificacion","grado":"GSuperior"-n-"nombrecentro":"CORONA DE ARAGON","mailcentro":"cpifpcorona@educa.aragon.es"-n-"grado":"GSuperior"
"codciclo":"EOC301","nombreciclo":"Proyectos de Edificacion","grado":"GSuperior"-n-"nombrecentro":"PIRAMIDE","mailcentro":"cpifppiramide@educa.aragon.es"-n-"grado":"GSuperior"
"codciclo":"EOC302","nombreciclo":"Proyectos de obra civil","grado":"GSuperior"-n-"nombrecentro":"CORONA DE ARAGON","mailcentro":"cpifpcorona@educa.aragon.es"-n-"grado":"GSuperior"
"codciclo":"EOC303","nombreciclo":"Organizacion y Control de Obras de Construccion","grado":"GSuperior"-n-"nombrecentro":"MIRALBUENO","mailcentro":"iesmirzaragoza@educa.aragon.es"-n-"grado":"GSuperior"
"codciclo":"FME201","nombreciclo":"Conformado por moldeo de metales y polimeros","grado":"GMedio"-n-"nombrecentro":"VIRGEN DEL PILAR","mailcentro":"iesvdpzaragoza@educa.aragon.es"-n-"grado":"GMedio"
"codciclo":"FME202","nombreciclo":"Mecanizado","grado":"GMedio"-n-"nombrecentro":"CORONA DE ARAGON","mailcentro":"cpifpcorona@educa.aragon.es"-n-"grado":"GMedio"
"codciclo":"FME202","nombreciclo":"Mecanizado","grado":"GMedio"-n-"nombrecentro":"DE LA PUEBLA DE ALFINDEN","mailcentro":"ieslapuebla@educa.aragon.es"-n-"grado":"GMedio"
"codciclo":"FME202","nombreciclo":"Mecanizado","grado":"GMedio"-n-"nombrecentro":"EMILIO JIMENO","mailcentro":"iesejcalatayud@educa.aragon.es"-n-"grado":"GMedio"
"codciclo":"FME202","nombreciclo":"Mecanizado","grado":"GMedio"-n-"nombrecentro":"LA LLITERA","mailcentro":"iestamarite@educa.aragon.es"-n-"grado":"GMedio"
"codciclo":"FME202","nombreciclo":"Mecanizado","grado":"GMedio"-n-"nombrecentro":"LA SALLE-SANTO ANGEL","mailcentro":"admisaz@lasalle.es"-n-"grado":"GMedio"
"codciclo":"FME202","nombreciclo":"Mecanizado","grado":"GMedio"-n-"nombrecentro":"SALESIANO NTRA. SRA.DEL PILAR","mailcentro":"secretaria.zaragoza@salesianos.edu"-n-"grado":"GMedio"
"codciclo":"FME202","nombreciclo":"Mecanizado","grado":"GMedio"-n-"nombrecentro":"SANTO DOMINGO SAVIO","mailcentro":"colegio.monzon@salesianos.org"-n-"grado":"GMedio"
"codciclo":"FME203","nombreciclo":"Soldadura y Caldereria","grado":"GMedio"-n-"nombrecentro":"ARSENIO JIMENO","mailcentro":"info@centroformacion.ugt.org"-n-"grado":"GMedio"
"codciclo":"FME203","nombreciclo":"Soldadura y Caldereria","grado":"GMedio"-n-"nombrecentro":"MARIA MOLINER","mailcentro":"iesmmozaragoza@educa.aragon.es"-n-"grado":"GMedio"
"codciclo":"FME203","nombreciclo":"Soldadura y Caldereria","grado":"GMedio"-n-"nombrecentro":"MIRALBUENO","mailcentro":"iesmirzaragoza@educa.aragon.es"-n-"grado":"GMedio"
"codciclo":"FME203","nombreciclo":"Soldadura y Caldereria","grado":"GMedio"-n-"nombrecentro":"MONTEARAGON","mailcentro":"cpifpmontearagon@educa.aragon.es"-n-"grado":"GMedio"
"codciclo":"FME203","nombreciclo":"Soldadura y Caldereria","grado":"GMedio"-n-"nombrecentro":"SALESIANOS LAVIAGA-CASTILLO","mailcentro":"secretaria.laalmunia@salesianos.edu"-n-"grado":"GMedio"
"codciclo":"FME203","nombreciclo":"Soldadura y Caldereria","grado":"GMedio"-n-"nombrecentro":"SAN VALERO","mailcentro":"infoces@svalero.es"-n-"grado":"GMedio"
"codciclo":"FME301","nombreciclo":"Construcciones Metalicas","grado":"GSuperior"-n-"nombrecentro":"MIRALBUENO","mailcentro":"iesmirzaragoza@educa.aragon.es"-n-"grado":"GSuperior"
"codciclo":"FME301","nombreciclo":"Construcciones Metalicas","grado":"GSuperior"-n-"nombrecentro":"SAN VALERO","mailcentro":"infoces@svalero.es"-n-"grado":"GSuperior"
"codciclo":"FME302","nombreciclo":"Diseño en Fabricacion Mecanica","grado":"GSuperior"-n-"nombrecentro":"VIRGEN DEL PILAR","mailcentro":"iesvdpzaragoza@educa.aragon.es"-n-"grado":"GSuperior"
"codciclo":"FME304","nombreciclo":"Programacion de la Produccion en Fabricacion Mecanica","grado":"GSuperior"-n-"nombrecentro":"CORONA DE ARAGON","mailcentro":"cpifpcorona@educa.aragon.es"-n-"grado":"GSuperior"
"codciclo":"FME304","nombreciclo":"Programacion de la Produccion en Fabricacion Mecanica","grado":"GSuperior"-n-"nombrecentro":"LA SALLE-SANTO ANGEL","mailcentro":"admisaz@lasalle.es"-n-"grado":"GSuperior"
"codciclo":"FME304","nombreciclo":"Programacion de la Produccion en Fabricacion Mecanica","grado":"GSuperior"-n-"nombrecentro":"SALESIANO NTRA. SRA.DEL PILAR","mailcentro":"secretaria.zaragoza@salesianos.edu"-n-"grado":"GSuperior"
"codciclo":"FME304","nombreciclo":"Programacion de la Produccion en Fabricacion Mecanica","grado":"GSuperior"-n-"nombrecentro":"SAN VALERO","mailcentro":"infoces@svalero.es"-n-"grado":"GSuperior"
"codciclo":"FME305","nombreciclo":"Programacion de la produccion en moldeo de metales y polimeros","grado":"GSuperior"-n-"nombrecentro":"VIRGEN DEL PILAR","mailcentro":"iesvdpzaragoza@educa.aragon.es"-n-"grado":"GSuperior"
"codciclo":"FPB101","nombreciclo":"Servicios Administrativos","grado":"FPBasica"-n-"nombrecentro":"BAJO ARAGON","mailcentro":"iesalcaniz@educa.aragon.es"-n-"grado":"FPBasica"
"codciclo":"FPB101","nombreciclo":"Servicios Administrativos","grado":"FPBasica"-n-"nombrecentro":"BAJO CINCA","mailcentro":"iesbcfraga@educa.aragon.es"-n-"grado":"FPBasica"
"codciclo":"FPB101","nombreciclo":"Servicios Administrativos","grado":"FPBasica"-n-"nombrecentro":"BENJAMIN JARNES","mailcentro":"iesfuentes@educa.aragon.es"-n-"grado":"FPBasica"
"codciclo":"FPB101","nombreciclo":"Servicios Administrativos","grado":"FPBasica"-n-"nombrecentro":"BIELLO ARAGON","mailcentro":"iesbasabinanigo@educa.aragon.es"-n-"grado":"FPBasica"
"codciclo":"FPB101","nombreciclo":"Servicios Administrativos","grado":"FPBasica"-n-"nombrecentro":"CABAÑAS","mailcentro":"iesalmunia@educa.aragon.es"-n-"grado":"FPBasica"
"codciclo":"FPB101","nombreciclo":"Servicios Administrativos","grado":"FPBasica"-n-"nombrecentro":"CONDES DE ARAGON","mailcentro":"condesfp@condesfp.jazztel.es"-n-"grado":"FPBasica"
"codciclo":"FPB101","nombreciclo":"Servicios Administrativos","grado":"FPBasica"-n-"nombrecentro":"CORONA DE ARAGON","mailcentro":"iescorzaragoza@educa.aragon.es"-n-"grado":"FPBasica"
"codciclo":"FPB101","nombreciclo":"Servicios Administrativos","grado":"FPBasica"-n-"nombrecentro":"EL BUEN PASTOR","mailcentro":"secretaria@elbuenpastorzaragoza.net"-n-"grado":"FPBasica"
"codciclo":"FPB101","nombreciclo":"Servicios Administrativos","grado":"FPBasica"-n-"nombrecentro":"FERNANDO LAZARO CARRETER","mailcentro":"iesutrillas@educa.aragon.es"-n-"grado":"FPBasica"
"codciclo":"FPB101","nombreciclo":"Servicios Administrativos","grado":"FPBasica"-n-"nombrecentro":"GALLICUM","mailcentro":"ieszuera@educa.aragon.es"-n-"grado":"FPBasica"
"codciclo":"FPB101","nombreciclo":"Servicios Administrativos","grado":"FPBasica"-n-"nombrecentro":"ITACA","mailcentro":"iesitazaragoza@educa.aragon.es"-n-"grado":"FPBasica"
"codciclo":"FPB101","nombreciclo":"Servicios Administrativos","grado":"FPBasica"-n-"nombrecentro":"JOSE MOR DE FUENTES","mailcentro":"iesmonzon@educa.aragon.es"-n-"grado":"FPBasica"
"codciclo":"FPB101","nombreciclo":"Servicios Administrativos","grado":"FPBasica"-n-"nombrecentro":"LA PURISIMA PARA NIÑOS SORDOS","mailcentro":"lpurisimansz@planalfa.es"-n-"grado":"FPBasica"
"codciclo":"FPB101","nombreciclo":"Servicios Administrativos","grado":"FPBasica"-n-"nombrecentro":"LEONARDO DE CHABACIER","mailcentro":"ieslchcalatayud@educa.aragon.es"-n-"grado":"FPBasica"
"codciclo":"FPB101","nombreciclo":"Servicios Administrativos","grado":"FPBasica"-n-"nombrecentro":"MAR DE ARAGON","mailcentro":"iescaspe@educa.aragon.es"-n-"grado":"FPBasica"
"codciclo":"FPB101","nombreciclo":"Servicios Administrativos","grado":"FPBasica"-n-"nombrecentro":"MARIA AUXILIADORA","mailcentro":"titularzaragoza@salesianas.org"-n-"grado":"FPBasica"
"codciclo":"FPB101","nombreciclo":"Servicios Administrativos","grado":"FPBasica"-n-"nombrecentro":"MIGUEL CATALAN","mailcentro":"iesmcazaragoza@educa.aragon.es"-n-"grado":"FPBasica"
"codciclo":"FPB101","nombreciclo":"Servicios Administrativos","grado":"FPBasica"-n-"nombrecentro":"MONEGROS-GASPAR LAX","mailcentro":"iessarinena@educa.aragon.es"-n-"grado":"FPBasica"
"codciclo":"FPB101","nombreciclo":"Servicios Administrativos","grado":"FPBasica"-n-"nombrecentro":"PABLO SERRANO","mailcentro":"iesandorra@educa.aragon.es"-n-"grado":"FPBasica"
"codciclo":"FPB101","nombreciclo":"Servicios Administrativos","grado":"FPBasica"-n-"nombrecentro":"PABLO SERRANO","mailcentro":"iespsezaragoza@educa.aragon.es"-n-"grado":"FPBasica"
"codciclo":"FPB101","nombreciclo":"Servicios Administrativos","grado":"FPBasica"-n-"nombrecentro":"PEDRO CERRADA","mailcentro":"iesutebo@educa.aragon.es"-n-"grado":"FPBasica"
"codciclo":"FPB101","nombreciclo":"Servicios Administrativos","grado":"FPBasica"-n-"nombrecentro":"RAMON Y CAJAL","mailcentro":"iesrychuesca@educa.aragon.es"-n-"grado":"FPBasica"
"codciclo":"FPB101","nombreciclo":"Servicios Administrativos","grado":"FPBasica"-n-"nombrecentro":"RODANAS","mailcentro":"iesepila@educa.aragon.es"-n-"grado":"FPBasica"
"codciclo":"FPB101","nombreciclo":"Servicios Administrativos","grado":"FPBasica"-n-"nombrecentro":"SAN VICENTE DE PAOL","mailcentro":"svpaulz@planalfa.es"-n-"grado":"FPBasica"
"codciclo":"FPB101","nombreciclo":"Servicios Administrativos","grado":"FPBasica"-n-"nombrecentro":"SANTA EMERENCIANA","mailcentro":"iessemteruel@educa.aragon.es"-n-"grado":"FPBasica"
"codciclo":"FPB101","nombreciclo":"Servicios Administrativos","grado":"FPBasica"-n-"nombrecentro":"SIGLO XXI","mailcentro":"iespedrola@educa.aragon.es"-n-"grado":"FPBasica"
"codciclo":"FPB101","nombreciclo":"Servicios Administrativos","grado":"FPBasica"-n-"nombrecentro":"TUBALCAIN","mailcentro":"iestarazona@educa.aragon.es"-n-"grado":"FPBasica"
"codciclo":"FPB102","nombreciclo":"Electricidad y Electronica","grado":"FPBasica"-n-"nombrecentro":"ANDALAN","mailcentro":"iesandzaragoza@educa.aragon.es"-n-"grado":"FPBasica"
"codciclo":"FPB102","nombreciclo":"Electricidad y Electronica","grado":"FPBasica"-n-"nombrecentro":"BAJO ARAGON","mailcentro":"iesalcaniz@educa.aragon.es"-n-"grado":"FPBasica"
"codciclo":"FPB102","nombreciclo":"Electricidad y Electronica","grado":"FPBasica"-n-"nombrecentro":"BENJAMIN JARNES","mailcentro":"iesfuentes@educa.aragon.es"-n-"grado":"FPBasica"
"codciclo":"FPB102","nombreciclo":"Electricidad y Electronica","grado":"FPBasica"-n-"nombrecentro":"BIELLO ARAGON","mailcentro":"iesbasabinanigo@educa.aragon.es"-n-"grado":"FPBasica"
"codciclo":"FPB102","nombreciclo":"Electricidad y Electronica","grado":"FPBasica"-n-"nombrecentro":"CONDES DE ARAGON","mailcentro":"condesfp@condesfp.jazztel.es"-n-"grado":"FPBasica"
"codciclo":"FPB102","nombreciclo":"Electricidad y Electronica","grado":"FPBasica"-n-"nombrecentro":"CORONA DE ARAGON","mailcentro":"iescorzaragoza@educa.aragon.es"-n-"grado":"FPBasica"
"codciclo":"FPB102","nombreciclo":"Electricidad y Electronica","grado":"FPBasica"-n-"nombrecentro":"GALLICUM","mailcentro":"ieszuera@educa.aragon.es"-n-"grado":"FPBasica"
"codciclo":"FPB102","nombreciclo":"Electricidad y Electronica","grado":"FPBasica"-n-"nombrecentro":"JOSE MANUEL BLECUA","mailcentro":"iesjmbzaragoza@educa.aragon.es"-n-"grado":"FPBasica"
"codciclo":"FPB102","nombreciclo":"Electricidad y Electronica","grado":"FPBasica"-n-"nombrecentro":"LA SALLE-SANTO ANGEL","mailcentro":"admisaz@lasalle.es"-n-"grado":"FPBasica"
"codciclo":"FPB102","nombreciclo":"Electricidad y Electronica","grado":"FPBasica"-n-"nombrecentro":"MIRALBUENO","mailcentro":"iesmirzaragoza@educa.aragon.es"-n-"grado":"FPBasica"
"codciclo":"FPB102","nombreciclo":"Electricidad y Electronica","grado":"FPBasica"-n-"nombrecentro":"MONEGROS-GASPAR LAX","mailcentro":"iessarinena@educa.aragon.es"-n-"grado":"FPBasica"
"codciclo":"FPB102","nombreciclo":"Electricidad y Electronica","grado":"FPBasica"-n-"nombrecentro":"OBRA DIOCESANA SANTO DOMINGO DE SILOS","mailcentro":"odsds@planalfa.es"-n-"grado":"FPBasica"
"codciclo":"FPB102","nombreciclo":"Electricidad y Electronica","grado":"FPBasica"-n-"nombrecentro":"PABLO SERRANO","mailcentro":"iesandorra@educa.aragon.es"-n-"grado":"FPBasica"
"codciclo":"FPB102","nombreciclo":"Electricidad y Electronica","grado":"FPBasica"-n-"nombrecentro":"PABLO SERRANO","mailcentro":"iespsezaragoza@educa.aragon.es"-n-"grado":"FPBasica"
"codciclo":"FPB102","nombreciclo":"Electricidad y Electronica","grado":"FPBasica"-n-"nombrecentro":"PEDRO CERRADA","mailcentro":"iesutebo@educa.aragon.es"-n-"grado":"FPBasica"
"codciclo":"FPB102","nombreciclo":"Electricidad y Electronica","grado":"FPBasica"-n-"nombrecentro":"RAMON J. SENDER","mailcentro":"iesrsfraga@educa.aragon.es"-n-"grado":"FPBasica"
"codciclo":"FPB102","nombreciclo":"Electricidad y Electronica","grado":"FPBasica"-n-"nombrecentro":"SALESIANO NTRA. SRA.DEL PILAR","mailcentro":"secretaria.zaragoza@salesianos.edu"-n-"grado":"FPBasica"
"codciclo":"FPB102","nombreciclo":"Electricidad y Electronica","grado":"FPBasica"-n-"nombrecentro":"SALESIANOS LAVIAGA-CASTILLO","mailcentro":"secretaria.laalmunia@salesianos.edu"-n-"grado":"FPBasica"
"codciclo":"FPB102","nombreciclo":"Electricidad y Electronica","grado":"FPBasica"-n-"nombrecentro":"SAN VALERO","mailcentro":"infoces@svalero.es"-n-"grado":"FPBasica"
"codciclo":"FPB102","nombreciclo":"Electricidad y Electronica","grado":"FPBasica"-n-"nombrecentro":"SANTA AGATOCLIA","mailcentro":"colegiosantaagatoclia@gmail.com"-n-"grado":"FPBasica"
"codciclo":"FPB102","nombreciclo":"Electricidad y Electronica","grado":"FPBasica"-n-"nombrecentro":"SEGUNDO DE CHOMON","mailcentro":"iesschteruel@educa.aragon.es"-n-"grado":"FPBasica"
"codciclo":"FPB102","nombreciclo":"Electricidad y Electronica","grado":"FPBasica"-n-"nombrecentro":"SIGLO XXI","mailcentro":"iespedrola@educa.aragon.es"-n-"grado":"FPBasica"
"codciclo":"FPB102","nombreciclo":"Electricidad y Electronica","grado":"FPBasica"-n-"nombrecentro":"TIEMPOS MODERNOS","mailcentro":"iestiemposmodernos@educa.aragon.es"-n-"grado":"FPBasica"
"codciclo":"FPB103","nombreciclo":"Fabricacion y Montaje","grado":"FPBasica"-n-"nombrecentro":"LA LLITERA","mailcentro":"iestamarite@educa.aragon.es"-n-"grado":"FPBasica"
"codciclo":"FPB103","nombreciclo":"Fabricacion y Montaje","grado":"FPBasica"-n-"nombrecentro":"MARIA MOLINER","mailcentro":"iesmmozaragoza@educa.aragon.es"-n-"grado":"FPBasica"
"codciclo":"FPB103","nombreciclo":"Fabricacion y Montaje","grado":"FPBasica"-n-"nombrecentro":"MIRALBUENO","mailcentro":"iesmirzaragoza@educa.aragon.es"-n-"grado":"FPBasica"
"codciclo":"FPB103","nombreciclo":"Fabricacion y Montaje","grado":"FPBasica"-n-"nombrecentro":"MONTEARAGON","mailcentro":"cpifpmontearagon@educa.aragon.es"-n-"grado":"FPBasica"
"codciclo":"FPB103","nombreciclo":"Fabricacion y Montaje","grado":"FPBasica"-n-"nombrecentro":"SALESIANOS LAVIAGA-CASTILLO","mailcentro":"secretaria.laalmunia@salesianos.edu"-n-"grado":"FPBasica"
"codciclo":"FPB103","nombreciclo":"Fabricacion y Montaje","grado":"FPBasica"-n-"nombrecentro":"SALVADOR VICTORIA","mailcentro":"iesmonreal@educa.aragon.es"-n-"grado":"FPBasica"
"codciclo":"FPB103","nombreciclo":"Fabricacion y Montaje","grado":"FPBasica"-n-"nombrecentro":"SAN VALERO","mailcentro":"infoces@svalero.es"-n-"grado":"FPBasica"
"codciclo":"FPB103","nombreciclo":"Fabricacion y Montaje","grado":"FPBasica"-n-"nombrecentro":"SANTO DOMINGO SAVIO","mailcentro":"colegio.monzon@salesianos.org"-n-"grado":"FPBasica"
"codciclo":"FPB103","nombreciclo":"Fabricacion y Montaje","grado":"FPBasica"-n-"nombrecentro":"SIERRA DE SAN QUILEZ","mailcentro":"iesbinefar@educa.aragon.es"-n-"grado":"FPBasica"
"codciclo":"FPB104","nombreciclo":"Informatica y Comunicaciones","grado":"FPBasica"-n-"nombrecentro":"ANGEL SANZ BRIZ","mailcentro":"iesasbcasetas@educa.aragon.es"-n-"grado":"FPBasica"
"codciclo":"FPB104","nombreciclo":"Informatica y Comunicaciones","grado":"FPBasica"-n-"nombrecentro":"CEFOR IZQUIERDO","mailcentro":"ciclos@izquierdofp.es"-n-"grado":"FPBasica"
"codciclo":"FPB104","nombreciclo":"Informatica y Comunicaciones","grado":"FPBasica"-n-"nombrecentro":"ESCUELAS PIAS DE SANTA ENGRACIA","mailcentro":"miraflores@fe-escolapias.org"-n-"grado":"FPBasica"
"codciclo":"FPB104","nombreciclo":"Informatica y Comunicaciones","grado":"FPBasica"-n-"nombrecentro":"FELIX DE AZARA","mailcentro":"iesfazzaragoza@educa.aragon.es"-n-"grado":"FPBasica"
"codciclo":"FPB104","nombreciclo":"Informatica y Comunicaciones","grado":"FPBasica"-n-"nombrecentro":"JOSE MOR DE FUENTES","mailcentro":"iesmonzon@educa.aragon.es"-n-"grado":"FPBasica"
"codciclo":"FPB104","nombreciclo":"Informatica y Comunicaciones","grado":"FPBasica"-n-"nombrecentro":"MIGUEL DE MOLINOS","mailcentro":"iesmimozaragoza@educa.aragon.es"-n-"grado":"FPBasica"
"codciclo":"FPB104","nombreciclo":"Informatica y Comunicaciones","grado":"FPBasica"-n-"nombrecentro":"OBRA DIOCESANA SANTO DOMINGO DE SILOS","mailcentro":"odsds@planalfa.es"-n-"grado":"FPBasica"
"codciclo":"FPB104","nombreciclo":"Informatica y Comunicaciones","grado":"FPBasica"-n-"nombrecentro":"PIRAMIDE","mailcentro":"iespirhuesca@educa.aragon.es"-n-"grado":"FPBasica"
"codciclo":"FPB104","nombreciclo":"Informatica y Comunicaciones","grado":"FPBasica"-n-"nombrecentro":"SALESIANO NTRA. SRA.DEL PILAR","mailcentro":"secretaria.zaragoza@salesianos.edu"-n-"grado":"FPBasica"
"codciclo":"FPB104","nombreciclo":"Informatica y Comunicaciones","grado":"FPBasica"-n-"nombrecentro":"VALLE DEL GUADALOPE","mailcentro":"iescalanda@educa.aragon.es"-n-"grado":"FPBasica"
"codciclo":"FPB104","nombreciclo":"Informatica y Comunicaciones","grado":"FPBasica"-n-"nombrecentro":"VEGA DEL TURIA","mailcentro":"iesvtteruel@educa.aragon.es"-n-"grado":"FPBasica"
"codciclo":"FPB105","nombreciclo":"Cocina y Restauracion","grado":"FPBasica"-n-"nombrecentro":"BIELLO ARAGON","mailcentro":"iesbasabinanigo@educa.aragon.es"-n-"grado":"FPBasica"
"codciclo":"FPB105","nombreciclo":"Cocina y Restauracion","grado":"FPBasica"-n-"nombrecentro":"ESCUELA DE HOSTELERIA DE TERUEL","mailcentro":"esuhosteruel@educa.aragon.es"-n-"grado":"FPBasica"
"codciclo":"FPB105","nombreciclo":"Cocina y Restauracion","grado":"FPBasica"-n-"nombrecentro":"JUAN DE LANUZA","mailcentro":"iesborja@educa.aragon.es"-n-"grado":"FPBasica"
"codciclo":"FPB105","nombreciclo":"Cocina y Restauracion","grado":"FPBasica"-n-"nombrecentro":"LOBETANO","mailcentro":"iesalbarracin@educa.aragon.es"-n-"grado":"FPBasica"
"codciclo":"FPB105","nombreciclo":"Cocina y Restauracion","grado":"FPBasica"-n-"nombrecentro":"MAR DE ARAGON","mailcentro":"iescaspe@educa.aragon.es"-n-"grado":"FPBasica"
"codciclo":"FPB105","nombreciclo":"Cocina y Restauracion","grado":"FPBasica"-n-"nombrecentro":"MATARRAÑA","mailcentro":"iesvalderrobres@educa.aragon.es"-n-"grado":"FPBasica"
"codciclo":"FPB105","nombreciclo":"Cocina y Restauracion","grado":"FPBasica"-n-"nombrecentro":"MIRALBUENO","mailcentro":"iesmirzaragoza@educa.aragon.es"-n-"grado":"FPBasica"
"codciclo":"FPB105","nombreciclo":"Cocina y Restauracion","grado":"FPBasica"-n-"nombrecentro":"NTRA. SRA. DE GUAYENTE","mailcentro":"escuelahosteleria@guayente.info"-n-"grado":"FPBasica"
"codciclo":"FPB105","nombreciclo":"Cocina y Restauracion","grado":"FPBasica"-n-"nombrecentro":"PABLO SERRANO","mailcentro":"iesandorra@educa.aragon.es"-n-"grado":"FPBasica"
"codciclo":"FPB105","nombreciclo":"Cocina y Restauracion","grado":"FPBasica"-n-"nombrecentro":"PEDRO DE LUNA","mailcentro":"iespluzaragoza@educa.aragon.es"-n-"grado":"FPBasica"
"codciclo":"FPB105","nombreciclo":"Cocina y Restauracion","grado":"FPBasica"-n-"nombrecentro":"SAN JOSE DE CALASANZ","mailcentro":"sjcalasanzbar@escolapiosemaus.org"-n-"grado":"FPBasica"
"codciclo":"FPB105","nombreciclo":"Cocina y Restauracion","grado":"FPBasica"-n-"nombrecentro":"SAN LORENZO","mailcentro":"cpifpsanlorenzo@educa.aragon.es"-n-"grado":"FPBasica"
"codciclo":"FPB105","nombreciclo":"Cocina y Restauracion","grado":"FPBasica"-n-"nombrecentro":"ZAURIN","mailcentro":"iesateca@educa.aragon.es"-n-"grado":"FPBasica"
"codciclo":"FPB106","nombreciclo":"Mantenimiento de Vehiculos","grado":"FPBasica"-n-"nombrecentro":"ARSENIO JIMENO","mailcentro":"info@centroformacion.ugt.org"-n-"grado":"FPBasica"
"codciclo":"FPB106","nombreciclo":"Mantenimiento de Vehiculos","grado":"FPBasica"-n-"nombrecentro":"BAJO ARAGON","mailcentro":"cpifpbajoaragon@educa.aragon.es"-n-"grado":"FPBasica"
"codciclo":"FPB106","nombreciclo":"Mantenimiento de Vehiculos","grado":"FPBasica"-n-"nombrecentro":"MARTINEZ VARGAS","mailcentro":"iesmvbarbastro@educa.aragon.es"-n-"grado":"FPBasica"
"codciclo":"FPB106","nombreciclo":"Mantenimiento de Vehiculos","grado":"FPBasica"-n-"nombrecentro":"MIRALBUENO","mailcentro":"iesmirzaragoza@educa.aragon.es"-n-"grado":"FPBasica"
"codciclo":"FPB106","nombreciclo":"Mantenimiento de Vehiculos","grado":"FPBasica"-n-"nombrecentro":"OBRA DIOCESANA SANTO DOMINGO DE SILOS","mailcentro":"odsds@planalfa.es"-n-"grado":"FPBasica"
"codciclo":"FPB106","nombreciclo":"Mantenimiento de Vehiculos","grado":"FPBasica"-n-"nombrecentro":"PEDRO CERRADA","mailcentro":"iesutebo@educa.aragon.es"-n-"grado":"FPBasica"
"codciclo":"FPB106","nombreciclo":"Mantenimiento de Vehiculos","grado":"FPBasica"-n-"nombrecentro":"PIRINEOS","mailcentro":"iespijaca@educa.aragon.es"-n-"grado":"FPBasica"
"codciclo":"FPB106","nombreciclo":"Mantenimiento de Vehiculos","grado":"FPBasica"-n-"nombrecentro":"RIO GALLEGO","mailcentro":"iesrgazaragoza@educa.aragon.es"-n-"grado":"FPBasica"
"codciclo":"FPB106","nombreciclo":"Mantenimiento de Vehiculos","grado":"FPBasica"-n-"nombrecentro":"SEGUNDO DE CHOMON","mailcentro":"iesschteruel@educa.aragon.es"-n-"grado":"FPBasica"
"codciclo":"FPB106","nombreciclo":"Mantenimiento de Vehiculos","grado":"FPBasica"-n-"nombrecentro":"SIERRA DE GUARA","mailcentro":"iessguhuesca@educa.aragon.es"-n-"grado":"FPBasica"
"codciclo":"FPB106","nombreciclo":"Mantenimiento de Vehiculos","grado":"FPBasica"-n-"nombrecentro":"SIGLO XXI","mailcentro":"iespedrola@educa.aragon.es"-n-"grado":"FPBasica"
