"grado":"FPBasica"-n-"nombrecentro":"ALAON","mailcentro":"centroalaun@alaun.es"-n-"codciclo":"FPB109","nombreciclo":"Servicios Comerciales","grado":"FPBasica"
"grado":"FPBasica"-n-"nombrecentro":"ANDALAN","mailcentro":"iesandzaragoza@educa.aragon.es"-n-"codciclo":"FPB102","nombreciclo":"Electricidad y Electronica","grado":"FPBasica"
"grado":"FPBasica"-n-"nombrecentro":"ANGEL SANZ BRIZ","mailcentro":"iesasbcasetas@educa.aragon.es"-n-"codciclo":"FPB104","nombreciclo":"Informatica y Comunicaciones","grado":"FPBasica"
"grado":"FPBasica"-n-"nombrecentro":"ARSENIO JIMENO","mailcentro":"info@centroformacion.ugt.org"-n-"codciclo":"FPB106","nombreciclo":"Mantenimiento de Vehiculos","grado":"FPBasica"
"grado":"FPBasica"-n-"nombrecentro":"BAJO ARAGON","mailcentro":"cpifpbajoaragon@educa.aragon.es"-n-"codciclo":"FPB106","nombreciclo":"Mantenimiento de Vehiculos","grado":"FPBasica"
"grado":"FPBasica"-n-"nombrecentro":"BAJO ARAGON","mailcentro":"iesalcaniz@educa.aragon.es"-n-"codciclo":"FPB101","nombreciclo":"Servicios Administrativos","grado":"FPBasica"
"grado":"FPBasica"-n-"nombrecentro":"BAJO ARAGON","mailcentro":"iesalcaniz@educa.aragon.es"-n-"codciclo":"FPB102","nombreciclo":"Electricidad y Electronica","grado":"FPBasica"
"grado":"FPBasica"-n-"nombrecentro":"BAJO CINCA","mailcentro":"iesbcfraga@educa.aragon.es"-n-"codciclo":"FPB101","nombreciclo":"Servicios Administrativos","grado":"FPBasica"
"grado":"FPBasica"-n-"nombrecentro":"BALTASAR GRACIAN","mailcentro":"iesgraus@educa.aragon.es"-n-"codciclo":"FPB121","nombreciclo":"Informatica de Oficina","grado":"FPBasica"
"grado":"FPBasica"-n-"nombrecentro":"BENJAMIN JARNES","mailcentro":"iesfuentes@educa.aragon.es"-n-"codciclo":"FPB101","nombreciclo":"Servicios Administrativos","grado":"FPBasica"
"grado":"FPBasica"-n-"nombrecentro":"BENJAMIN JARNES","mailcentro":"iesfuentes@educa.aragon.es"-n-"codciclo":"FPB102","nombreciclo":"Electricidad y Electronica","grado":"FPBasica"
"grado":"FPBasica"-n-"nombrecentro":"BIELLO ARAGON","mailcentro":"iesbasabinanigo@educa.aragon.es"-n-"codciclo":"FPB101","nombreciclo":"Servicios Administrativos","grado":"FPBasica"
"grado":"FPBasica"-n-"nombrecentro":"BIELLO ARAGON","mailcentro":"iesbasabinanigo@educa.aragon.es"-n-"codciclo":"FPB102","nombreciclo":"Electricidad y Electronica","grado":"FPBasica"
"grado":"FPBasica"-n-"nombrecentro":"BIELLO ARAGON","mailcentro":"iesbasabinanigo@educa.aragon.es"-n-"codciclo":"FPB105","nombreciclo":"Cocina y Restauracion","grado":"FPBasica"
"grado":"FPBasica"-n-"nombrecentro":"CABAÑAS","mailcentro":"iesalmunia@educa.aragon.es"-n-"codciclo":"FPB101","nombreciclo":"Servicios Administrativos","grado":"FPBasica"
"grado":"FPBasica"-n-"nombrecentro":"CEFOR IZQUIERDO","mailcentro":"ciclos@izquierdofp.es"-n-"codciclo":"FPB104","nombreciclo":"Informatica y Comunicaciones","grado":"FPBasica"
"grado":"FPBasica"-n-"nombrecentro":"CINCO VILLAS","mailcentro":"iescvejea@educa.aragon.es"-n-"codciclo":"FPB126","nombreciclo":"Profesional basico en instalaciones electrotecnicas y mecanica","grado":"FPBasica"
"grado":"FPBasica"-n-"nombrecentro":"CONDES DE ARAGON","mailcentro":"condesfp@condesfp.jazztel.es"-n-"codciclo":"FPB101","nombreciclo":"Servicios Administrativos","grado":"FPBasica"
"grado":"FPBasica"-n-"nombrecentro":"CONDES DE ARAGON","mailcentro":"condesfp@condesfp.jazztel.es"-n-"codciclo":"FPB102","nombreciclo":"Electricidad y Electronica","grado":"FPBasica"
"grado":"FPBasica"-n-"nombrecentro":"CORONA DE ARAGON","mailcentro":"iescorzaragoza@educa.aragon.es"-n-"codciclo":"FPB101","nombreciclo":"Servicios Administrativos","grado":"FPBasica"
"grado":"FPBasica"-n-"nombrecentro":"CORONA DE ARAGON","mailcentro":"iescorzaragoza@educa.aragon.es"-n-"codciclo":"FPB102","nombreciclo":"Electricidad y Electronica","grado":"FPBasica"
"grado":"FPBasica"-n-"nombrecentro":"DAMIAN FORMENT","mailcentro":"iesalcorisate@educa.aragon.es"-n-"codciclo":"FPB110","nombreciclo":"Carpinteria y Mueble","grado":"FPBasica"
"grado":"FPBasica"-n-"nombrecentro":"DE MOVERA","mailcentro":"cpifpmovera@educa.aragon.es"-n-"codciclo":"FPB107","nombreciclo":"Agrojardineria y Composiciones Florales","grado":"FPBasica"
"grado":"FPBasica"-n-"nombrecentro":"DE SAN BLAS","mailcentro":"ifpeteruel@educa.aragon.es"-n-"codciclo":"FPB116","nombreciclo":"Aprovechamientos Forestales","grado":"FPBasica"
"grado":"FPBasica"-n-"nombrecentro":"E.F.A. BOALARES","mailcentro":"boalares@efasdearagon.es"-n-"codciclo":"FPB116","nombreciclo":"Aprovechamientos Forestales","grado":"FPBasica"
"grado":"FPBasica"-n-"nombrecentro":"E.F.A. EL SALTO","mailcentro":"elsalto@efasdearagon.org"-n-"codciclo":"FPB115","nombreciclo":"Actividades Agropecuarias","grado":"FPBasica"
"grado":"FPBasica"-n-"nombrecentro":"E.F.A. LA NORIA","mailcentro":"lanoria@efasdearagon.org"-n-"codciclo":"FPB108","nombreciclo":"Peluqueria y Estetica","grado":"FPBasica"
"grado":"FPBasica"-n-"nombrecentro":"EL BUEN PASTOR","mailcentro":"secretaria@elbuenpastorzaragoza.net"-n-"codciclo":"FPB101","nombreciclo":"Servicios Administrativos","grado":"FPBasica"
"grado":"FPBasica"-n-"nombrecentro":"EMILIO JIMENO","mailcentro":"iesejcalatayud@educa.aragon.es"-n-"codciclo":"FPB126","nombreciclo":"Profesional basico en instalaciones electrotecnicas y mecanica","grado":"FPBasica"
"grado":"FPBasica"-n-"nombrecentro":"ESCUELA DE HOSTELERIA DE TERUEL","mailcentro":"esuhosteruel@educa.aragon.es"-n-"codciclo":"FPB105","nombreciclo":"Cocina y Restauracion","grado":"FPBasica"
"grado":"FPBasica"-n-"nombrecentro":"ESCUELAS PIAS DE SANTA ENGRACIA","mailcentro":"miraflores@fe-escolapias.org"-n-"codciclo":"FPB104","nombreciclo":"Informatica y Comunicaciones","grado":"FPBasica"
"grado":"FPBasica"-n-"nombrecentro":"FELIX DE AZARA","mailcentro":"iesfazzaragoza@educa.aragon.es"-n-"codciclo":"FPB104","nombreciclo":"Informatica y Comunicaciones","grado":"FPBasica"
"grado":"FPBasica"-n-"nombrecentro":"FERNANDO LAZARO CARRETER","mailcentro":"iesutrillas@educa.aragon.es"-n-"codciclo":"FPB101","nombreciclo":"Servicios Administrativos","grado":"FPBasica"
"grado":"FPBasica"-n-"nombrecentro":"FERNANDO LAZARO CARRETER","mailcentro":"iesutrillas@educa.aragon.es"-n-"codciclo":"FPB125","nombreciclo":"Profesional basico en fabricacion de elementos metalicos","grado":"FPBasica"
"grado":"FPBasica"-n-"nombrecentro":"FRANCES DE ARANDA","mailcentro":"iesfrateruel@educa.aragon.es"-n-"codciclo":"FPB110","nombreciclo":"Carpinteria y Mueble","grado":"FPBasica"
"grado":"FPBasica"-n-"nombrecentro":"FUNDACION LABORAL DE LA CONSTRUCCION","mailcentro":"jandres@fundacionlaboral.org"-n-"codciclo":"FPB111","nombreciclo":"Reforma y Mantenimiento de Edificios","grado":"FPBasica"
"grado":"FPBasica"-n-"nombrecentro":"GALLICUM","mailcentro":"ieszuera@educa.aragon.es"-n-"codciclo":"FPB101","nombreciclo":"Servicios Administrativos","grado":"FPBasica"
"grado":"FPBasica"-n-"nombrecentro":"GALLICUM","mailcentro":"ieszuera@educa.aragon.es"-n-"codciclo":"FPB102","nombreciclo":"Electricidad y Electronica","grado":"FPBasica"
"grado":"FPBasica"-n-"nombrecentro":"HERMANOS ARGENSOLA","mailcentro":"ieshabarbastro@educa.aragon.es"-n-"codciclo":"FPB121","nombreciclo":"Informatica de Oficina","grado":"FPBasica"
"grado":"FPBasica"-n-"nombrecentro":"ITACA","mailcentro":"iesitazaragoza@educa.aragon.es"-n-"codciclo":"FPB101","nombreciclo":"Servicios Administrativos","grado":"FPBasica"
"grado":"FPBasica"-n-"nombrecentro":"JOSE MANUEL BLECUA","mailcentro":"iesjmbzaragoza@educa.aragon.es"-n-"codciclo":"FPB102","nombreciclo":"Electricidad y Electronica","grado":"FPBasica"
"grado":"FPBasica"-n-"nombrecentro":"JOSE MANUEL BLECUA","mailcentro":"iesjmbzaragoza@educa.aragon.es"-n-"codciclo":"FPB109","nombreciclo":"Servicios Comerciales","grado":"FPBasica"
"grado":"FPBasica"-n-"nombrecentro":"JOSE MOR DE FUENTES","mailcentro":"iesmonzon@educa.aragon.es"-n-"codciclo":"FPB101","nombreciclo":"Servicios Administrativos","grado":"FPBasica"
"grado":"FPBasica"-n-"nombrecentro":"JOSE MOR DE FUENTES","mailcentro":"iesmonzon@educa.aragon.es"-n-"codciclo":"FPB104","nombreciclo":"Informatica y Comunicaciones","grado":"FPBasica"
"grado":"FPBasica"-n-"nombrecentro":"JUAN DE LANUZA","mailcentro":"iesborja@educa.aragon.es"-n-"codciclo":"FPB105","nombreciclo":"Cocina y Restauracion","grado":"FPBasica"
"grado":"FPBasica"-n-"nombrecentro":"LA LLITERA","mailcentro":"iestamarite@educa.aragon.es"-n-"codciclo":"FPB103","nombreciclo":"Fabricacion y Montaje","grado":"FPBasica"
"grado":"FPBasica"-n-"nombrecentro":"LA PURISIMA PARA NIÑOS SORDOS","mailcentro":"lpurisimansz@planalfa.es"-n-"codciclo":"FPB101","nombreciclo":"Servicios Administrativos","grado":"FPBasica"
"grado":"FPBasica"-n-"nombrecentro":"LA SALLE-SANTO ANGEL","mailcentro":"admisaz@lasalle.es"-n-"codciclo":"FPB102","nombreciclo":"Electricidad y Electronica","grado":"FPBasica"
"grado":"FPBasica"-n-"nombrecentro":"LA SALLE-SANTO ANGEL","mailcentro":"admisaz@lasalle.es"-n-"codciclo":"FPB125","nombreciclo":"Profesional basico en fabricacion de elementos metalicos","grado":"FPBasica"
"grado":"FPBasica"-n-"nombrecentro":"LEONARDO DE CHABACIER","mailcentro":"ieslchcalatayud@educa.aragon.es"-n-"codciclo":"FPB101","nombreciclo":"Servicios Administrativos","grado":"FPBasica"
"grado":"FPBasica"-n-"nombrecentro":"LOBETANO","mailcentro":"iesalbarracin@educa.aragon.es"-n-"codciclo":"FPB105","nombreciclo":"Cocina y Restauracion","grado":"FPBasica"
"grado":"FPBasica"-n-"nombrecentro":"LUIS BUÑUEL","mailcentro":"ieslbuzaragoza@educa.aragon.es"-n-"codciclo":"FPB112","nombreciclo":"Arreglo y Reparacion de Articulos Textiles y de Piel","grado":"FPBasica"
"grado":"FPBasica"-n-"nombrecentro":"MAR DE ARAGON","mailcentro":"iescaspe@educa.aragon.es"-n-"codciclo":"FPB101","nombreciclo":"Servicios Administrativos","grado":"FPBasica"
"grado":"FPBasica"-n-"nombrecentro":"MAR DE ARAGON","mailcentro":"iescaspe@educa.aragon.es"-n-"codciclo":"FPB105","nombreciclo":"Cocina y Restauracion","grado":"FPBasica"
"grado":"FPBasica"-n-"nombrecentro":"MAR DE ARAGON","mailcentro":"iescaspe@educa.aragon.es"-n-"codciclo":"FPB115","nombreciclo":"Actividades Agropecuarias","grado":"FPBasica"
"grado":"FPBasica"-n-"nombrecentro":"MARIA AUXILIADORA","mailcentro":"titularzaragoza@salesianas.org"-n-"codciclo":"FPB101","nombreciclo":"Servicios Administrativos","grado":"FPBasica"
"grado":"FPBasica"-n-"nombrecentro":"MARIA MOLINER","mailcentro":"iesmmozaragoza@educa.aragon.es"-n-"codciclo":"FPB103","nombreciclo":"Fabricacion y Montaje","grado":"FPBasica"
"grado":"FPBasica"-n-"nombrecentro":"MARTINEZ VARGAS","mailcentro":"iesmvbarbastro@educa.aragon.es"-n-"codciclo":"FPB106","nombreciclo":"Mantenimiento de Vehiculos","grado":"FPBasica"
"grado":"FPBasica"-n-"nombrecentro":"MATARRAÑA","mailcentro":"iesvalderrobres@educa.aragon.es"-n-"codciclo":"FPB105","nombreciclo":"Cocina y Restauracion","grado":"FPBasica"
"grado":"FPBasica"-n-"nombrecentro":"MIGUEL CATALAN","mailcentro":"iesmcazaragoza@educa.aragon.es"-n-"codciclo":"FPB101","nombreciclo":"Servicios Administrativos","grado":"FPBasica"
"grado":"FPBasica"-n-"nombrecentro":"MIGUEL DE MOLINOS","mailcentro":"iesmimozaragoza@educa.aragon.es"-n-"codciclo":"FPB104","nombreciclo":"Informatica y Comunicaciones","grado":"FPBasica"
"grado":"FPBasica"-n-"nombrecentro":"MIRALBUENO","mailcentro":"iesmirzaragoza@educa.aragon.es"-n-"codciclo":"FPB102","nombreciclo":"Electricidad y Electronica","grado":"FPBasica"
"grado":"FPBasica"-n-"nombrecentro":"MIRALBUENO","mailcentro":"iesmirzaragoza@educa.aragon.es"-n-"codciclo":"FPB103","nombreciclo":"Fabricacion y Montaje","grado":"FPBasica"
"grado":"FPBasica"-n-"nombrecentro":"MIRALBUENO","mailcentro":"iesmirzaragoza@educa.aragon.es"-n-"codciclo":"FPB105","nombreciclo":"Cocina y Restauracion","grado":"FPBasica"
"grado":"FPBasica"-n-"nombrecentro":"MIRALBUENO","mailcentro":"iesmirzaragoza@educa.aragon.es"-n-"codciclo":"FPB106","nombreciclo":"Mantenimiento de Vehiculos","grado":"FPBasica"
"grado":"FPBasica"-n-"nombrecentro":"MIRALBUENO","mailcentro":"iesmirzaragoza@educa.aragon.es"-n-"codciclo":"FPB125","nombreciclo":"Profesional basico en fabricacion de elementos metalicos","grado":"FPBasica"
"grado":"FPBasica"-n-"nombrecentro":"MONEGROS-GASPAR LAX","mailcentro":"iessarinena@educa.aragon.es"-n-"codciclo":"FPB101","nombreciclo":"Servicios Administrativos","grado":"FPBasica"
"grado":"FPBasica"-n-"nombrecentro":"MONEGROS-GASPAR LAX","mailcentro":"iessarinena@educa.aragon.es"-n-"codciclo":"FPB102","nombreciclo":"Electricidad y Electronica","grado":"FPBasica"
"grado":"FPBasica"-n-"nombrecentro":"MONTEARAGON","mailcentro":"cpifpmontearagon@educa.aragon.es"-n-"codciclo":"FPB103","nombreciclo":"Fabricacion y Montaje","grado":"FPBasica"
"grado":"FPBasica"-n-"nombrecentro":"MONTEARAGON","mailcentro":"cpifpmontearagon@educa.aragon.es"-n-"codciclo":"FPB116","nombreciclo":"Aprovechamientos Forestales","grado":"FPBasica"
"grado":"FPBasica"-n-"nombrecentro":"NTRA. SRA. DE GUAYENTE","mailcentro":"escuelahosteleria@guayente.info"-n-"codciclo":"FPB105","nombreciclo":"Cocina y Restauracion","grado":"FPBasica"
"grado":"FPBasica"-n-"nombrecentro":"NTRA. SRA. DEL CARMEN Y SAN JOSE","mailcentro":"elcarmenysanjosezgz@gmail.com"-n-"codciclo":"FPB108","nombreciclo":"Peluqueria y Estetica","grado":"FPBasica"
"grado":"FPBasica"-n-"nombrecentro":"OBRA DIOCESANA SANTO DOMINGO DE SILOS","mailcentro":"odsds@planalfa.es"-n-"codciclo":"FPB102","nombreciclo":"Electricidad y Electronica","grado":"FPBasica"
"grado":"FPBasica"-n-"nombrecentro":"OBRA DIOCESANA SANTO DOMINGO DE SILOS","mailcentro":"odsds@planalfa.es"-n-"codciclo":"FPB104","nombreciclo":"Informatica y Comunicaciones","grado":"FPBasica"
"grado":"FPBasica"-n-"nombrecentro":"OBRA DIOCESANA SANTO DOMINGO DE SILOS","mailcentro":"odsds@planalfa.es"-n-"codciclo":"FPB106","nombreciclo":"Mantenimiento de Vehiculos","grado":"FPBasica"
"grado":"FPBasica"-n-"nombrecentro":"OBRA DIOCESANA SANTO DOMINGO DE SILOS","mailcentro":"odsds@planalfa.es"-n-"codciclo":"FPB109","nombreciclo":"Servicios Comerciales","grado":"FPBasica"
"grado":"FPBasica"-n-"nombrecentro":"PABLO GARGALLO","mailcentro":"iespagazaragoza@educa.aragon.es"-n-"codciclo":"FPB107","nombreciclo":"Agrojardineria y Composiciones Florales","grado":"FPBasica"
"grado":"FPBasica"-n-"nombrecentro":"PABLO SERRANO","mailcentro":"iesandorra@educa.aragon.es"-n-"codciclo":"FPB101","nombreciclo":"Servicios Administrativos","grado":"FPBasica"
"grado":"FPBasica"-n-"nombrecentro":"PABLO SERRANO","mailcentro":"iesandorra@educa.aragon.es"-n-"codciclo":"FPB102","nombreciclo":"Electricidad y Electronica","grado":"FPBasica"
"grado":"FPBasica"-n-"nombrecentro":"PABLO SERRANO","mailcentro":"iesandorra@educa.aragon.es"-n-"codciclo":"FPB105","nombreciclo":"Cocina y Restauracion","grado":"FPBasica"
"grado":"FPBasica"-n-"nombrecentro":"PABLO SERRANO","mailcentro":"iespsezaragoza@educa.aragon.es"-n-"codciclo":"FPB101","nombreciclo":"Servicios Administrativos","grado":"FPBasica"
"grado":"FPBasica"-n-"nombrecentro":"PABLO SERRANO","mailcentro":"iespsezaragoza@educa.aragon.es"-n-"codciclo":"FPB102","nombreciclo":"Electricidad y Electronica","grado":"FPBasica"
"grado":"FPBasica"-n-"nombrecentro":"PADRE ENRIQUE DE OSSO","mailcentro":"direcciongeneral@eossozaragoza.escuelateresiana.com"-n-"codciclo":"FPB109","nombreciclo":"Servicios Comerciales","grado":"FPBasica"
"grado":"FPBasica"-n-"nombrecentro":"PEDRO CERRADA","mailcentro":"iesutebo@educa.aragon.es"-n-"codciclo":"FPB101","nombreciclo":"Servicios Administrativos","grado":"FPBasica"
"grado":"FPBasica"-n-"nombrecentro":"PEDRO CERRADA","mailcentro":"iesutebo@educa.aragon.es"-n-"codciclo":"FPB102","nombreciclo":"Electricidad y Electronica","grado":"FPBasica"
"grado":"FPBasica"-n-"nombrecentro":"PEDRO CERRADA","mailcentro":"iesutebo@educa.aragon.es"-n-"codciclo":"FPB106","nombreciclo":"Mantenimiento de Vehiculos","grado":"FPBasica"
"grado":"FPBasica"-n-"nombrecentro":"PEDRO DE LUNA","mailcentro":"iespluzaragoza@educa.aragon.es"-n-"codciclo":"FPB105","nombreciclo":"Cocina y Restauracion","grado":"FPBasica"
"grado":"FPBasica"-n-"nombrecentro":"PILAR LORENGAR","mailcentro":"iesplozaragoza@educa.aragon.es"-n-"codciclo":"FPB117","nombreciclo":"Artes Graficas","grado":"FPBasica"
"grado":"FPBasica"-n-"nombrecentro":"PIRAMIDE","mailcentro":"iespirhuesca@educa.aragon.es"-n-"codciclo":"FPB104","nombreciclo":"Informatica y Comunicaciones","grado":"FPBasica"
"grado":"FPBasica"-n-"nombrecentro":"PIRINEOS","mailcentro":"iespijaca@educa.aragon.es"-n-"codciclo":"FPB106","nombreciclo":"Mantenimiento de Vehiculos","grado":"FPBasica"
"grado":"FPBasica"-n-"nombrecentro":"PLUS ULTRA","mailcentro":"centro@plusultraformacion.com"-n-"codciclo":"FPB109","nombreciclo":"Servicios Comerciales","grado":"FPBasica"
"grado":"FPBasica"-n-"nombrecentro":"RAMON J. SENDER","mailcentro":"iesrsfraga@educa.aragon.es"-n-"codciclo":"FPB102","nombreciclo":"Electricidad y Electronica","grado":"FPBasica"
"grado":"FPBasica"-n-"nombrecentro":"RAMON Y CAJAL","mailcentro":"iesrychuesca@educa.aragon.es"-n-"codciclo":"FPB101","nombreciclo":"Servicios Administrativos","grado":"FPBasica"
"grado":"FPBasica"-n-"nombrecentro":"REYES CATOLICOS","mailcentro":"iesrcejea@educa.aragon.es"-n-"codciclo":"FPB107","nombreciclo":"Agrojardineria y Composiciones Florales","grado":"FPBasica"
"grado":"FPBasica"-n-"nombrecentro":"RIO ARBA","mailcentro":"iestauste@educa.aragon.es"-n-"codciclo":"FPB115","nombreciclo":"Actividades Agropecuarias","grado":"FPBasica"
"grado":"FPBasica"-n-"nombrecentro":"RIO ARBA","mailcentro":"iestauste@educa.aragon.es"-n-"codciclo":"FPB121","nombreciclo":"Informatica de Oficina","grado":"FPBasica"
"grado":"FPBasica"-n-"nombrecentro":"RIO GALLEGO","mailcentro":"iesrgazaragoza@educa.aragon.es"-n-"codciclo":"FPB106","nombreciclo":"Mantenimiento de Vehiculos","grado":"FPBasica"
"grado":"FPBasica"-n-"nombrecentro":"RODANAS","mailcentro":"iesepila@educa.aragon.es"-n-"codciclo":"FPB101","nombreciclo":"Servicios Administrativos","grado":"FPBasica"
"grado":"FPBasica"-n-"nombrecentro":"RODANAS","mailcentro":"iesepila@educa.aragon.es"-n-"codciclo":"FPB107","nombreciclo":"Agrojardineria y Composiciones Florales","grado":"FPBasica"
"grado":"FPBasica"-n-"nombrecentro":"RODANAS","mailcentro":"iesepila@educa.aragon.es"-n-"codciclo":"FPB119","nombreciclo":"Industrias Alimentarias","grado":"FPBasica"
"grado":"FPBasica"-n-"nombrecentro":"SALESIANO NTRA. SRA.DEL PILAR","mailcentro":"secretaria.zaragoza@salesianos.edu"-n-"codciclo":"FPB102","nombreciclo":"Electricidad y Electronica","grado":"FPBasica"
"grado":"FPBasica"-n-"nombrecentro":"SALESIANO NTRA. SRA.DEL PILAR","mailcentro":"secretaria.zaragoza@salesianos.edu"-n-"codciclo":"FPB104","nombreciclo":"Informatica y Comunicaciones","grado":"FPBasica"
"grado":"FPBasica"-n-"nombrecentro":"SALESIANOS LAVIAGA-CASTILLO","mailcentro":"secretaria.laalmunia@salesianos.edu"-n-"codciclo":"FPB102","nombreciclo":"Electricidad y Electronica","grado":"FPBasica"
"grado":"FPBasica"-n-"nombrecentro":"SALESIANOS LAVIAGA-CASTILLO","mailcentro":"secretaria.laalmunia@salesianos.edu"-n-"codciclo":"FPB103","nombreciclo":"Fabricacion y Montaje","grado":"FPBasica"
"grado":"FPBasica"-n-"nombrecentro":"SALVADOR VICTORIA","mailcentro":"iesmonreal@educa.aragon.es"-n-"codciclo":"FPB103","nombreciclo":"Fabricacion y Montaje","grado":"FPBasica"
"grado":"FPBasica"-n-"nombrecentro":"SAN JOSE DE CALASANZ","mailcentro":"sjcalasanzbar@escolapiosemaus.org"-n-"codciclo":"FPB105","nombreciclo":"Cocina y Restauracion","grado":"FPBasica"
"grado":"FPBasica"-n-"nombrecentro":"SAN LORENZO","mailcentro":"cpifpsanlorenzo@educa.aragon.es"-n-"codciclo":"FPB105","nombreciclo":"Cocina y Restauracion","grado":"FPBasica"
"grado":"FPBasica"-n-"nombrecentro":"SAN VALERO","mailcentro":"infoces@svalero.es"-n-"codciclo":"FPB102","nombreciclo":"Electricidad y Electronica","grado":"FPBasica"
"grado":"FPBasica"-n-"nombrecentro":"SAN VALERO","mailcentro":"infoces@svalero.es"-n-"codciclo":"FPB103","nombreciclo":"Fabricacion y Montaje","grado":"FPBasica"
"grado":"FPBasica"-n-"nombrecentro":"SAN VICENTE DE PAOL","mailcentro":"svpaulz@planalfa.es"-n-"codciclo":"FPB101","nombreciclo":"Servicios Administrativos","grado":"FPBasica"
"grado":"FPBasica"-n-"nombrecentro":"SANTA AGATOCLIA","mailcentro":"colegiosantaagatoclia@gmail.com"-n-"codciclo":"FPB102","nombreciclo":"Electricidad y Electronica","grado":"FPBasica"
"grado":"FPBasica"-n-"nombrecentro":"SANTA AGATOCLIA","mailcentro":"colegiosantaagatoclia@gmail.com"-n-"codciclo":"FPB109","nombreciclo":"Servicios Comerciales","grado":"FPBasica"
"grado":"FPBasica"-n-"nombrecentro":"SANTA EMERENCIANA","mailcentro":"iessemteruel@educa.aragon.es"-n-"codciclo":"FPB101","nombreciclo":"Servicios Administrativos","grado":"FPBasica"
"grado":"FPBasica"-n-"nombrecentro":"SANTIAGO HERNANDEZ","mailcentro":"iesshezaragoza@educa.aragon.es"-n-"codciclo":"FPB108","nombreciclo":"Peluqueria y Estetica","grado":"FPBasica"
"grado":"FPBasica"-n-"nombrecentro":"SANTO DOMINGO SAVIO","mailcentro":"colegio.monzon@salesianos.org"-n-"codciclo":"FPB103","nombreciclo":"Fabricacion y Montaje","grado":"FPBasica"
"grado":"FPBasica"-n-"nombrecentro":"SEGUNDO DE CHOMON","mailcentro":"iesschteruel@educa.aragon.es"-n-"codciclo":"FPB102","nombreciclo":"Electricidad y Electronica","grado":"FPBasica"
"grado":"FPBasica"-n-"nombrecentro":"SEGUNDO DE CHOMON","mailcentro":"iesschteruel@educa.aragon.es"-n-"codciclo":"FPB106","nombreciclo":"Mantenimiento de Vehiculos","grado":"FPBasica"
"grado":"FPBasica"-n-"nombrecentro":"SEGUNDO DE CHOMON","mailcentro":"iesschteruel@educa.aragon.es"-n-"codciclo":"FPB108","nombreciclo":"Peluqueria y Estetica","grado":"FPBasica"
"grado":"FPBasica"-n-"nombrecentro":"SIERRA DE GUARA","mailcentro":"iessguhuesca@educa.aragon.es"-n-"codciclo":"FPB106","nombreciclo":"Mantenimiento de Vehiculos","grado":"FPBasica"
"grado":"FPBasica"-n-"nombrecentro":"SIERRA DE LA VIRGEN","mailcentro":"iesillueca@educa.aragon.es"-n-"codciclo":"FPB116","nombreciclo":"Aprovechamientos Forestales","grado":"FPBasica"
"grado":"FPBasica"-n-"nombrecentro":"SIERRA DE SAN QUILEZ","mailcentro":"iesbinefar@educa.aragon.es"-n-"codciclo":"FPB103","nombreciclo":"Fabricacion y Montaje","grado":"FPBasica"
"grado":"FPBasica"-n-"nombrecentro":"SIERRA DE SAN QUILEZ","mailcentro":"iesbinefar@educa.aragon.es"-n-"codciclo":"FPB108","nombreciclo":"Peluqueria y Estetica","grado":"FPBasica"
"grado":"FPBasica"-n-"nombrecentro":"SIGLO XXI","mailcentro":"iespedrola@educa.aragon.es"-n-"codciclo":"FPB101","nombreciclo":"Servicios Administrativos","grado":"FPBasica"
"grado":"FPBasica"-n-"nombrecentro":"SIGLO XXI","mailcentro":"iespedrola@educa.aragon.es"-n-"codciclo":"FPB102","nombreciclo":"Electricidad y Electronica","grado":"FPBasica"
"grado":"FPBasica"-n-"nombrecentro":"SIGLO XXI","mailcentro":"iespedrola@educa.aragon.es"-n-"codciclo":"FPB106","nombreciclo":"Mantenimiento de Vehiculos","grado":"FPBasica"
"grado":"FPBasica"-n-"nombrecentro":"TIEMPOS MODERNOS","mailcentro":"iestiemposmodernos@educa.aragon.es"-n-"codciclo":"FPB102","nombreciclo":"Electricidad y Electronica","grado":"FPBasica"
"grado":"FPBasica"-n-"nombrecentro":"TUBALCAIN","mailcentro":"iestarazona@educa.aragon.es"-n-"codciclo":"FPB101","nombreciclo":"Servicios Administrativos","grado":"FPBasica"
"grado":"FPBasica"-n-"nombrecentro":"TUBALCAIN","mailcentro":"iestarazona@educa.aragon.es"-n-"codciclo":"FPB106","nombreciclo":"Mantenimiento de Vehiculos","grado":"FPBasica"
"grado":"FPBasica"-n-"nombrecentro":"VALLE DE TENA","mailcentro":"secretaria@fpvalledetena.com"-n-"codciclo":"FPB108","nombreciclo":"Peluqueria y Estetica","grado":"FPBasica"
"grado":"FPBasica"-n-"nombrecentro":"VALLE DE TENA","mailcentro":"secretaria@fpvalledetena.com"-n-"codciclo":"FPB109","nombreciclo":"Servicios Comerciales","grado":"FPBasica"
"grado":"FPBasica"-n-"nombrecentro":"VALLE DEL GUADALOPE","mailcentro":"iescalanda@educa.aragon.es"-n-"codciclo":"FPB104","nombreciclo":"Informatica y Comunicaciones","grado":"FPBasica"
"grado":"FPBasica"-n-"nombrecentro":"VALLE DEL JILOCA","mailcentro":"iescalamocha@educa.aragon.es"-n-"codciclo":"FPB119","nombreciclo":"Industrias Alimentarias","grado":"FPBasica"
"grado":"FPBasica"-n-"nombrecentro":"VEGA DEL TURIA","mailcentro":"iesvtteruel@educa.aragon.es"-n-"codciclo":"FPB104","nombreciclo":"Informatica y Comunicaciones","grado":"FPBasica"
"grado":"FPBasica"-n-"nombrecentro":"VIRGEN DEL PILAR","mailcentro":"iesvdpzaragoza@educa.aragon.es"-n-"codciclo":"FPB110","nombreciclo":"Carpinteria y Mueble","grado":"FPBasica"
"grado":"FPBasica"-n-"nombrecentro":"VIRGEN DEL PILAR","mailcentro":"iesvdpzaragoza@educa.aragon.es"-n-"codciclo":"FPB124","nombreciclo":"Profesional basico en mantenimiento de viviendas","grado":"FPBasica"
"grado":"FPBasica"-n-"nombrecentro":"ZAURIN","mailcentro":"iesateca@educa.aragon.es"-n-"codciclo":"FPB105","nombreciclo":"Cocina y Restauracion","grado":"FPBasica"
"grado":"GMedio"-n-"nombrecentro":"ACADEMIA MARCO","mailcentro":"info@academiamarco.com"-n-"codciclo":"ADG201","nombreciclo":"Gestion Administrativa","grado":"GMedio"
"grado":"GMedio"-n-"nombrecentro":"ACADEMIA MARCO","mailcentro":"info@academiamarco.com"-n-"codciclo":"ELE202","nombreciclo":"Instalaciones Electricas y Automaticas","grado":"GMedio"
"grado":"GMedio"-n-"nombrecentro":"ACADEMIA MARCO","mailcentro":"info@academiamarco.com"-n-"codciclo":"ELE203","nombreciclo":"Instalaciones de Telecomunicaciones","grado":"GMedio"
"grado":"GMedio"-n-"nombrecentro":"ACADEMIA MARCO","mailcentro":"info@academiamarco.com"-n-"codciclo":"SAN201","nombreciclo":"Cuidados Auxiliares de Enfermeria","grado":"GMedio"
"grado":"GMedio"-n-"nombrecentro":"ALAON","mailcentro":"centroalaun@alaun.es"-n-"codciclo":"ADG201","nombreciclo":"Gestion Administrativa","grado":"GMedio"
"grado":"GMedio"-n-"nombrecentro":"ANDALAN","mailcentro":"iesandzaragoza@educa.aragon.es"-n-"codciclo":"ADG201","nombreciclo":"Gestion Administrativa","grado":"GMedio"
"grado":"GMedio"-n-"nombrecentro":"ANDALAN","mailcentro":"iesandzaragoza@educa.aragon.es"-n-"codciclo":"ELE203","nombreciclo":"Instalaciones de Telecomunicaciones","grado":"GMedio"
"grado":"GMedio"-n-"nombrecentro":"ARSENIO JIMENO","mailcentro":"info@centroformacion.ugt.org"-n-"codciclo":"FME203","nombreciclo":"Soldadura y Caldereria","grado":"GMedio"
"grado":"GMedio"-n-"nombrecentro":"ARSENIO JIMENO","mailcentro":"info@centroformacion.ugt.org"-n-"codciclo":"TMV201","nombreciclo":"Carroceria","grado":"GMedio"
"grado":"GMedio"-n-"nombrecentro":"ARTE-MISS ZARAGOZA, CENTRO 1","mailcentro":"educacion@arte-miss.com"-n-"codciclo":"IMP203","nombreciclo":"Peluqueria y Cosmetica Capilar","grado":"GMedio"
"grado":"GMedio"-n-"nombrecentro":"BAJO ARAGON","mailcentro":"cpifpbajoaragon@educa.aragon.es"-n-"codciclo":"ADG201","nombreciclo":"Gestion Administrativa","grado":"GMedio"
"grado":"GMedio"-n-"nombrecentro":"BAJO ARAGON","mailcentro":"cpifpbajoaragon@educa.aragon.es"-n-"codciclo":"ELE202","nombreciclo":"Instalaciones Electricas y Automaticas","grado":"GMedio"
"grado":"GMedio"-n-"nombrecentro":"BAJO ARAGON","mailcentro":"cpifpbajoaragon@educa.aragon.es"-n-"codciclo":"IFC201","nombreciclo":"Sistemas Microinformaticos y Redes","grado":"GMedio"
"grado":"GMedio"-n-"nombrecentro":"BAJO ARAGON","mailcentro":"cpifpbajoaragon@educa.aragon.es"-n-"codciclo":"SAN201","nombreciclo":"Cuidados Auxiliares de Enfermeria","grado":"GMedio"
"grado":"GMedio"-n-"nombrecentro":"BAJO ARAGON","mailcentro":"cpifpbajoaragon@educa.aragon.es"-n-"codciclo":"TMV202","nombreciclo":"Electromecanica de Vehiculos Automoviles","grado":"GMedio"
"grado":"GMedio"-n-"nombrecentro":"BAJO CINCA","mailcentro":"iesbcfraga@educa.aragon.es"-n-"codciclo":"ADG201","nombreciclo":"Gestion Administrativa","grado":"GMedio"
"grado":"GMedio"-n-"nombrecentro":"BENJAMIN JARNES","mailcentro":"iesfuentes@educa.aragon.es"-n-"codciclo":"ADG201","nombreciclo":"Gestion Administrativa","grado":"GMedio"
"grado":"GMedio"-n-"nombrecentro":"BENJAMIN JARNES","mailcentro":"iesfuentes@educa.aragon.es"-n-"codciclo":"ELE202","nombreciclo":"Instalaciones Electricas y Automaticas","grado":"GMedio"
"grado":"GMedio"-n-"nombrecentro":"BIELLO ARAGON","mailcentro":"iesbasabinanigo@educa.aragon.es"-n-"codciclo":"ADG201","nombreciclo":"Gestion Administrativa","grado":"GMedio"
"grado":"GMedio"-n-"nombrecentro":"BIELLO ARAGON","mailcentro":"iesbasabinanigo@educa.aragon.es"-n-"codciclo":"ELE202","nombreciclo":"Instalaciones Electricas y Automaticas","grado":"GMedio"
"grado":"GMedio"-n-"nombrecentro":"CABAÑAS","mailcentro":"iesalmunia@educa.aragon.es"-n-"codciclo":"ADG201","nombreciclo":"Gestion Administrativa","grado":"GMedio"
"grado":"GMedio"-n-"nombrecentro":"CEFOR IZQUIERDO","mailcentro":"ciclos@izquierdofp.es"-n-"codciclo":"ADG201","nombreciclo":"Gestion Administrativa","grado":"GMedio"
"grado":"GMedio"-n-"nombrecentro":"CEFOR IZQUIERDO","mailcentro":"ciclos@izquierdofp.es"-n-"codciclo":"IFC201","nombreciclo":"Sistemas Microinformaticos y Redes","grado":"GMedio"
"grado":"GMedio"-n-"nombrecentro":"CINCO VILLAS","mailcentro":"iescvejea@educa.aragon.es"-n-"codciclo":"ADG201","nombreciclo":"Gestion Administrativa","grado":"GMedio"
"grado":"GMedio"-n-"nombrecentro":"CINCO VILLAS","mailcentro":"iescvejea@educa.aragon.es"-n-"codciclo":"IMA201","nombreciclo":"Mantenimiento Electromecanico","grado":"GMedio"
"grado":"GMedio"-n-"nombrecentro":"CINCO VILLAS","mailcentro":"iescvejea@educa.aragon.es"-n-"codciclo":"IMP202","nombreciclo":"Estetica y belleza","grado":"GMedio"
"grado":"GMedio"-n-"nombrecentro":"CINCO VILLAS","mailcentro":"iescvejea@educa.aragon.es"-n-"codciclo":"IMP203","nombreciclo":"Peluqueria y Cosmetica Capilar","grado":"GMedio"
"grado":"GMedio"-n-"nombrecentro":"COLEGIO MONTESSORI","mailcentro":"administracion@colegiomontessori.com"-n-"codciclo":"IFC201","nombreciclo":"Sistemas Microinformaticos y Redes","grado":"GMedio"
"grado":"GMedio"-n-"nombrecentro":"CONDES DE ARAGON","mailcentro":"condesfp@condesfp.jazztel.es"-n-"codciclo":"ADG201","nombreciclo":"Gestion Administrativa","grado":"GMedio"
"grado":"GMedio"-n-"nombrecentro":"CONDES DE ARAGON","mailcentro":"condesfp@condesfp.jazztel.es"-n-"codciclo":"ELE202","nombreciclo":"Instalaciones Electricas y Automaticas","grado":"GMedio"
"grado":"GMedio"-n-"nombrecentro":"CORONA DE ARAGON","mailcentro":"cpifpcorona@educa.aragon.es"-n-"codciclo":"ADG201","nombreciclo":"Gestion Administrativa","grado":"GMedio"
"grado":"GMedio"-n-"nombrecentro":"CORONA DE ARAGON","mailcentro":"cpifpcorona@educa.aragon.es"-n-"codciclo":"ELE202","nombreciclo":"Instalaciones Electricas y Automaticas","grado":"GMedio"
"grado":"GMedio"-n-"nombrecentro":"CORONA DE ARAGON","mailcentro":"cpifpcorona@educa.aragon.es"-n-"codciclo":"FME202","nombreciclo":"Mecanizado","grado":"GMedio"
"grado":"GMedio"-n-"nombrecentro":"CORONA DE ARAGON","mailcentro":"cpifpcorona@educa.aragon.es"-n-"codciclo":"QUI201","nombreciclo":"Operaciones de Laboratorio","grado":"GMedio"
"grado":"GMedio"-n-"nombrecentro":"DAMIAN FORMENT","mailcentro":"iesalcorisate@educa.aragon.es"-n-"codciclo":"SSC201","nombreciclo":"Atencion a Personas en situacion de Dependencia","grado":"GMedio"
"grado":"GMedio"-n-"nombrecentro":"DE LA PUEBLA DE ALFINDEN","mailcentro":"ieslapuebla@educa.aragon.es"-n-"codciclo":"FME202","nombreciclo":"Mecanizado","grado":"GMedio"
"grado":"GMedio"-n-"nombrecentro":"DE MOVERA","mailcentro":"cpifpmovera@educa.aragon.es"-n-"codciclo":"AGA201","nombreciclo":"Produccion Agropecuaria","grado":"GMedio"
"grado":"GMedio"-n-"nombrecentro":"DE MOVERA","mailcentro":"cpifpmovera@educa.aragon.es"-n-"codciclo":"AGA204","nombreciclo":"Jardineria y Floristeria","grado":"GMedio"
"grado":"GMedio"-n-"nombrecentro":"DE MOVERA","mailcentro":"cpifpmovera@educa.aragon.es"-n-"codciclo":"AGA205","nombreciclo":"Aprovechamiento y Conservacion del Medio Natural","grado":"GMedio"
"grado":"GMedio"-n-"nombrecentro":"DE MOVERA","mailcentro":"cpifpmovera@educa.aragon.es"-n-"codciclo":"INA201","nombreciclo":"Elaboracion de Productos Alimenticios","grado":"GMedio"
"grado":"GMedio"-n-"nombrecentro":"DE MOVERA","mailcentro":"cpifpmovera@educa.aragon.es"-n-"codciclo":"INA207","nombreciclo":"Panaderia, Reposteria y Confiteria","grado":"GMedio"
"grado":"GMedio"-n-"nombrecentro":"DE SAN BLAS","mailcentro":"ifpeteruel@educa.aragon.es"-n-"codciclo":"AFD201","nombreciclo":"Conduccion de Actividades Fisico-Deportivas en el Medio Natural","grado":"GMedio"
"grado":"GMedio"-n-"nombrecentro":"DE SAN BLAS","mailcentro":"ifpeteruel@educa.aragon.es"-n-"codciclo":"AGA201","nombreciclo":"Produccion Agropecuaria","grado":"GMedio"
"grado":"GMedio"-n-"nombrecentro":"DE SAN BLAS","mailcentro":"ifpeteruel@educa.aragon.es"-n-"codciclo":"AGA205","nombreciclo":"Aprovechamiento y Conservacion del Medio Natural","grado":"GMedio"
"grado":"GMedio"-n-"nombrecentro":"E.F.A. BOALARES","mailcentro":"boalares@efasdearagon.es"-n-"codciclo":"AGA205","nombreciclo":"Aprovechamiento y Conservacion del Medio Natural","grado":"GMedio"
"grado":"GMedio"-n-"nombrecentro":"E.F.A. EL SALTO","mailcentro":"elsalto@efasdearagon.org"-n-"codciclo":"AGA201","nombreciclo":"Produccion Agropecuaria","grado":"GMedio"
"grado":"GMedio"-n-"nombrecentro":"E.F.A. LA NORIA","mailcentro":"lanoria@efasdearagon.org"-n-"codciclo":"SAN201","nombreciclo":"Cuidados Auxiliares de Enfermeria","grado":"GMedio"
"grado":"GMedio"-n-"nombrecentro":"EL BUEN PASTOR","mailcentro":"secretaria@elbuenpastorzaragoza.net"-n-"codciclo":"ADG201","nombreciclo":"Gestion Administrativa","grado":"GMedio"
"grado":"GMedio"-n-"nombrecentro":"EMILIO JIMENO","mailcentro":"iesejcalatayud@educa.aragon.es"-n-"codciclo":"ADG201","nombreciclo":"Gestion Administrativa","grado":"GMedio"
"grado":"GMedio"-n-"nombrecentro":"EMILIO JIMENO","mailcentro":"iesejcalatayud@educa.aragon.es"-n-"codciclo":"ELE202","nombreciclo":"Instalaciones Electricas y Automaticas","grado":"GMedio"
"grado":"GMedio"-n-"nombrecentro":"EMILIO JIMENO","mailcentro":"iesejcalatayud@educa.aragon.es"-n-"codciclo":"FME202","nombreciclo":"Mecanizado","grado":"GMedio"
"grado":"GMedio"-n-"nombrecentro":"ESCUELA DE HOSTELERIA DE TERUEL","mailcentro":"esuhosteruel@educa.aragon.es"-n-"codciclo":"HOT201","nombreciclo":"Cocina y Gastronomia","grado":"GMedio"
"grado":"GMedio"-n-"nombrecentro":"ESCUELA DE HOSTELERIA DE TERUEL","mailcentro":"esuhosteruel@educa.aragon.es"-n-"codciclo":"HOT203","nombreciclo":"Servicios en Restauracion","grado":"GMedio"
"grado":"GMedio"-n-"nombrecentro":"ESCUELA DE HOSTELERIA DE TERUEL","mailcentro":"esuhosteruel@educa.aragon.es"-n-"codciclo":"INA207","nombreciclo":"Panaderia, Reposteria y Confiteria","grado":"GMedio"
"grado":"GMedio"-n-"nombrecentro":"ESCUELAS PIAS","mailcentro":"joseignaciobilbao@escolapiosemaus.org"-n-"codciclo":"ADG201","nombreciclo":"Gestion Administrativa","grado":"GMedio"
"grado":"GMedio"-n-"nombrecentro":"ESCUELAS PIAS DE SANTA ENGRACIA","mailcentro":"miraflores@fe-escolapias.org"-n-"codciclo":"IMP202","nombreciclo":"Estetica y belleza","grado":"GMedio"
"grado":"GMedio"-n-"nombrecentro":"ESCUELAS PIAS DE SANTA ENGRACIA","mailcentro":"miraflores@fe-escolapias.org"-n-"codciclo":"SAN201","nombreciclo":"Cuidados Auxiliares de Enfermeria","grado":"GMedio"
"grado":"GMedio"-n-"nombrecentro":"ESCUELAS PIAS DE SANTA ENGRACIA","mailcentro":"miraflores@fe-escolapias.org"-n-"codciclo":"SAN202","nombreciclo":"Farmacia y Parafarmacia","grado":"GMedio"
"grado":"GMedio"-n-"nombrecentro":"FERNANDO LAZARO CARRETER","mailcentro":"iesutrillas@educa.aragon.es"-n-"codciclo":"ADG201","nombreciclo":"Gestion Administrativa","grado":"GMedio"
"grado":"GMedio"-n-"nombrecentro":"FERNANDO LAZARO CARRETER","mailcentro":"iesutrillas@educa.aragon.es"-n-"codciclo":"IMA201","nombreciclo":"Mantenimiento Electromecanico","grado":"GMedio"
"grado":"GMedio"-n-"nombrecentro":"FRANCES DE ARANDA","mailcentro":"iesfrateruel@educa.aragon.es"-n-"codciclo":"MAM201","nombreciclo":"Instalacion y Amueblamiento","grado":"GMedio"
"grado":"GMedio"-n-"nombrecentro":"FRANCES DE ARANDA","mailcentro":"iesfrateruel@educa.aragon.es"-n-"codciclo":"MAM202","nombreciclo":"Tecnico en Carpinteria y Mueble","grado":"GMedio"
"grado":"GMedio"-n-"nombrecentro":"FRANCES DE ARANDA","mailcentro":"iesfrateruel@educa.aragon.es"-n-"codciclo":"SEA201","nombreciclo":"Emergencias y proteccion civil","grado":"GMedio"
"grado":"GMedio"-n-"nombrecentro":"FUNDACION LABORAL DE LA CONSTRUCCION","mailcentro":"jandres@fundacionlaboral.org"-n-"codciclo":"EOC203","nombreciclo":"Construccion","grado":"GMedio"
"grado":"GMedio"-n-"nombrecentro":"FUNDACION LABORAL DE LA CONSTRUCCION","mailcentro":"jandres@fundacionlaboral.org"-n-"codciclo":"IEX201","nombreciclo":"Tecnico en Excavaciones y Sondeos","grado":"GMedio"
"grado":"GMedio"-n-"nombrecentro":"GALLICUM","mailcentro":"ieszuera@educa.aragon.es"-n-"codciclo":"ADG201","nombreciclo":"Gestion Administrativa","grado":"GMedio"
"grado":"GMedio"-n-"nombrecentro":"GALLICUM","mailcentro":"ieszuera@educa.aragon.es"-n-"codciclo":"ELE202","nombreciclo":"Instalaciones Electricas y Automaticas","grado":"GMedio"
"grado":"GMedio"-n-"nombrecentro":"HERMANOS ARGENSOLA","mailcentro":"ieshabarbastro@educa.aragon.es"-n-"codciclo":"ADG201","nombreciclo":"Gestion Administrativa","grado":"GMedio"
"grado":"GMedio"-n-"nombrecentro":"INSTITUTO DE FORMACION AGROAMBIENTAL","mailcentro":"ifaja@aragon.es"-n-"codciclo":"AGA205","nombreciclo":"Aprovechamiento y Conservacion del Medio Natural","grado":"GMedio"
"grado":"GMedio"-n-"nombrecentro":"ITACA","mailcentro":"iesitazaragoza@educa.aragon.es"-n-"codciclo":"ADG201","nombreciclo":"Gestion Administrativa","grado":"GMedio"
"grado":"GMedio"-n-"nombrecentro":"ITACA","mailcentro":"iesitazaragoza@educa.aragon.es"-n-"codciclo":"AFD201","nombreciclo":"Conduccion de Actividades Fisico-Deportivas en el Medio Natural","grado":"GMedio"
"grado":"GMedio"-n-"nombrecentro":"JOAQUIN COSTA","mailcentro":"iescarinena@educa.aragon.es"-n-"codciclo":"INA204","nombreciclo":"Aceites de Oliva y Vinos","grado":"GMedio"
"grado":"GMedio"-n-"nombrecentro":"JOSE MANUEL BLECUA","mailcentro":"iesjmbzaragoza@educa.aragon.es"-n-"codciclo":"COM201","nombreciclo":"Actividades Comerciales","grado":"GMedio"
"grado":"GMedio"-n-"nombrecentro":"JOSE MANUEL BLECUA","mailcentro":"iesjmbzaragoza@educa.aragon.es"-n-"codciclo":"ELE202","nombreciclo":"Instalaciones Electricas y Automaticas","grado":"GMedio"
"grado":"GMedio"-n-"nombrecentro":"JOSE MOR DE FUENTES","mailcentro":"iesmonzon@educa.aragon.es"-n-"codciclo":"IFC201","nombreciclo":"Sistemas Microinformaticos y Redes","grado":"GMedio"
"grado":"GMedio"-n-"nombrecentro":"JOSE MOR DE FUENTES","mailcentro":"iesmonzon@educa.aragon.es"-n-"codciclo":"QUI204","nombreciclo":"Planta Quimica","grado":"GMedio"
"grado":"GMedio"-n-"nombrecentro":"JUAN DE LANUZA","mailcentro":"iesborja@educa.aragon.es"-n-"codciclo":"HOT201","nombreciclo":"Cocina y Gastronomia","grado":"GMedio"
"grado":"GMedio"-n-"nombrecentro":"JUAN DE LANUZA","mailcentro":"iesborja@educa.aragon.es"-n-"codciclo":"SSC201","nombreciclo":"Atencion a Personas en situacion de Dependencia","grado":"GMedio"
"grado":"GMedio"-n-"nombrecentro":"LA LLITERA","mailcentro":"iestamarite@educa.aragon.es"-n-"codciclo":"ADG201","nombreciclo":"Gestion Administrativa","grado":"GMedio"
"grado":"GMedio"-n-"nombrecentro":"LA LLITERA","mailcentro":"iestamarite@educa.aragon.es"-n-"codciclo":"FME202","nombreciclo":"Mecanizado","grado":"GMedio"
"grado":"GMedio"-n-"nombrecentro":"LA SALLE-SANTO ANGEL","mailcentro":"admisaz@lasalle.es"-n-"codciclo":"ELE202","nombreciclo":"Instalaciones Electricas y Automaticas","grado":"GMedio"
"grado":"GMedio"-n-"nombrecentro":"LA SALLE-SANTO ANGEL","mailcentro":"admisaz@lasalle.es"-n-"codciclo":"FME202","nombreciclo":"Mecanizado","grado":"GMedio"
"grado":"GMedio"-n-"nombrecentro":"LEONARDO DE CHABACIER","mailcentro":"ieslchcalatayud@educa.aragon.es"-n-"codciclo":"IFC201","nombreciclo":"Sistemas Microinformaticos y Redes","grado":"GMedio"
"grado":"GMedio"-n-"nombrecentro":"LEONARDO DE CHABACIER","mailcentro":"ieslchcalatayud@educa.aragon.es"-n-"codciclo":"SAN201","nombreciclo":"Cuidados Auxiliares de Enfermeria","grado":"GMedio"
"grado":"GMedio"-n-"nombrecentro":"LEONARDO DE CHABACIER","mailcentro":"ieslchcalatayud@educa.aragon.es"-n-"codciclo":"SSC201","nombreciclo":"Atencion a Personas en situacion de Dependencia","grado":"GMedio"
"grado":"GMedio"-n-"nombrecentro":"LOS ENLACES","mailcentro":"cpilosenlaces@educa.aragon.es"-n-"codciclo":"COM201","nombreciclo":"Actividades Comerciales","grado":"GMedio"
"grado":"GMedio"-n-"nombrecentro":"LOS ENLACES","mailcentro":"cpilosenlaces@educa.aragon.es"-n-"codciclo":"IFC201","nombreciclo":"Sistemas Microinformaticos y Redes","grado":"GMedio"
"grado":"GMedio"-n-"nombrecentro":"LOS ENLACES","mailcentro":"cpilosenlaces@educa.aragon.es"-n-"codciclo":"IMS202","nombreciclo":"Video, disc-jockey y sonido","grado":"GMedio"
"grado":"GMedio"-n-"nombrecentro":"LUIS BUÑUEL","mailcentro":"ieslbuzaragoza@educa.aragon.es"-n-"codciclo":"SSC201","nombreciclo":"Atencion a Personas en situacion de Dependencia","grado":"GMedio"
"grado":"GMedio"-n-"nombrecentro":"LUIS BUÑUEL","mailcentro":"ieslbuzaragoza@educa.aragon.es"-n-"codciclo":"TCP202","nombreciclo":"Confeccion y Moda","grado":"GMedio"
"grado":"GMedio"-n-"nombrecentro":"MAR DE ARAGON","mailcentro":"iescaspe@educa.aragon.es"-n-"codciclo":"ADG201","nombreciclo":"Gestion Administrativa","grado":"GMedio"
"grado":"GMedio"-n-"nombrecentro":"MAR DE ARAGON","mailcentro":"iescaspe@educa.aragon.es"-n-"codciclo":"AFD201","nombreciclo":"Conduccion de Actividades Fisico-Deportivas en el Medio Natural","grado":"GMedio"
"grado":"GMedio"-n-"nombrecentro":"MAR DE ARAGON","mailcentro":"iescaspe@educa.aragon.es"-n-"codciclo":"HOT201","nombreciclo":"Cocina y Gastronomia","grado":"GMedio"
"grado":"GMedio"-n-"nombrecentro":"MARIA AUXILIADORA","mailcentro":"titularzaragoza@salesianas.org"-n-"codciclo":"ADG201","nombreciclo":"Gestion Administrativa","grado":"GMedio"
"grado":"GMedio"-n-"nombrecentro":"MARIA MOLINER","mailcentro":"iesmmozaragoza@educa.aragon.es"-n-"codciclo":"FME203","nombreciclo":"Soldadura y Caldereria","grado":"GMedio"
"grado":"GMedio"-n-"nombrecentro":"MARIA MOLINER","mailcentro":"iesmmozaragoza@educa.aragon.es"-n-"codciclo":"SSC201","nombreciclo":"Atencion a Personas en situacion de Dependencia","grado":"GMedio"
"grado":"GMedio"-n-"nombrecentro":"MARTINEZ VARGAS","mailcentro":"iesmvbarbastro@educa.aragon.es"-n-"codciclo":"ELE203","nombreciclo":"Instalaciones de Telecomunicaciones","grado":"GMedio"
"grado":"GMedio"-n-"nombrecentro":"MARTINEZ VARGAS","mailcentro":"iesmvbarbastro@educa.aragon.es"-n-"codciclo":"INA201","nombreciclo":"Elaboracion de Productos Alimenticios","grado":"GMedio"
"grado":"GMedio"-n-"nombrecentro":"MARTINEZ VARGAS","mailcentro":"iesmvbarbastro@educa.aragon.es"-n-"codciclo":"SSC201","nombreciclo":"Atencion a Personas en situacion de Dependencia","grado":"GMedio"
"grado":"GMedio"-n-"nombrecentro":"MARTINEZ VARGAS","mailcentro":"iesmvbarbastro@educa.aragon.es"-n-"codciclo":"TMV201","nombreciclo":"Carroceria","grado":"GMedio"
"grado":"GMedio"-n-"nombrecentro":"MATARRAÑA","mailcentro":"iesvalderrobres@educa.aragon.es"-n-"codciclo":"HOT201","nombreciclo":"Cocina y Gastronomia","grado":"GMedio"
"grado":"GMedio"-n-"nombrecentro":"MATARRAÑA","mailcentro":"iesvalderrobres@educa.aragon.es"-n-"codciclo":"HOT203","nombreciclo":"Servicios en Restauracion","grado":"GMedio"
"grado":"GMedio"-n-"nombrecentro":"MIGUEL CATALAN","mailcentro":"iesmcazaragoza@educa.aragon.es"-n-"codciclo":"ADG201","nombreciclo":"Gestion Administrativa","grado":"GMedio"
"grado":"GMedio"-n-"nombrecentro":"MIGUEL CATALAN","mailcentro":"iesmcazaragoza@educa.aragon.es"-n-"codciclo":"SAN201","nombreciclo":"Cuidados Auxiliares de Enfermeria","grado":"GMedio"
"grado":"GMedio"-n-"nombrecentro":"MIRALBUENO","mailcentro":"iesmirzaragoza@educa.aragon.es"-n-"codciclo":"ELE203","nombreciclo":"Instalaciones de Telecomunicaciones","grado":"GMedio"
"grado":"GMedio"-n-"nombrecentro":"MIRALBUENO","mailcentro":"iesmirzaragoza@educa.aragon.es"-n-"codciclo":"EOC201","nombreciclo":"Obras de Interior, Decoracion y Rehabilitacion","grado":"GMedio"
"grado":"GMedio"-n-"nombrecentro":"MIRALBUENO","mailcentro":"iesmirzaragoza@educa.aragon.es"-n-"codciclo":"FME203","nombreciclo":"Soldadura y Caldereria","grado":"GMedio"
"grado":"GMedio"-n-"nombrecentro":"MIRALBUENO","mailcentro":"iesmirzaragoza@educa.aragon.es"-n-"codciclo":"HOT201","nombreciclo":"Cocina y Gastronomia","grado":"GMedio"
"grado":"GMedio"-n-"nombrecentro":"MIRALBUENO","mailcentro":"iesmirzaragoza@educa.aragon.es"-n-"codciclo":"HOT203","nombreciclo":"Servicios en Restauracion","grado":"GMedio"
"grado":"GMedio"-n-"nombrecentro":"MIRALBUENO","mailcentro":"iesmirzaragoza@educa.aragon.es"-n-"codciclo":"TMV201","nombreciclo":"Carroceria","grado":"GMedio"
"grado":"GMedio"-n-"nombrecentro":"MIRALBUENO","mailcentro":"iesmirzaragoza@educa.aragon.es"-n-"codciclo":"TMV202","nombreciclo":"Electromecanica de Vehiculos Automoviles","grado":"GMedio"
"grado":"GMedio"-n-"nombrecentro":"MONEGROS-GASPAR LAX","mailcentro":"iessarinena@educa.aragon.es"-n-"codciclo":"ADG201","nombreciclo":"Gestion Administrativa","grado":"GMedio"
"grado":"GMedio"-n-"nombrecentro":"MONTEARAGON","mailcentro":"cpifpmontearagon@educa.aragon.es"-n-"codciclo":"AGA201","nombreciclo":"Produccion Agropecuaria","grado":"GMedio"
"grado":"GMedio"-n-"nombrecentro":"MONTEARAGON","mailcentro":"cpifpmontearagon@educa.aragon.es"-n-"codciclo":"AGA204","nombreciclo":"Jardineria y Floristeria","grado":"GMedio"
"grado":"GMedio"-n-"nombrecentro":"MONTEARAGON","mailcentro":"cpifpmontearagon@educa.aragon.es"-n-"codciclo":"AGA205","nombreciclo":"Aprovechamiento y Conservacion del Medio Natural","grado":"GMedio"
"grado":"GMedio"-n-"nombrecentro":"MONTEARAGON","mailcentro":"cpifpmontearagon@educa.aragon.es"-n-"codciclo":"FME203","nombreciclo":"Soldadura y Caldereria","grado":"GMedio"
"grado":"GMedio"-n-"nombrecentro":"MONTEARAGON","mailcentro":"cpifpmontearagon@educa.aragon.es"-n-"codciclo":"SSC201","nombreciclo":"Atencion a Personas en situacion de Dependencia","grado":"GMedio"
"grado":"GMedio"-n-"nombrecentro":"NTRA. SRA. DE GUAYENTE","mailcentro":"escuelahosteleria@guayente.info"-n-"codciclo":"HOT201","nombreciclo":"Cocina y Gastronomia","grado":"GMedio"
"grado":"GMedio"-n-"nombrecentro":"NTRA. SRA. DE GUAYENTE","mailcentro":"escuelahosteleria@guayente.info"-n-"codciclo":"HOT203","nombreciclo":"Servicios en Restauracion","grado":"GMedio"
"grado":"GMedio"-n-"nombrecentro":"OBRA DIOCESANA SANTO DOMINGO DE SILOS","mailcentro":"odsds@planalfa.es"-n-"codciclo":"ADG201","nombreciclo":"Gestion Administrativa","grado":"GMedio"
"grado":"GMedio"-n-"nombrecentro":"OBRA DIOCESANA SANTO DOMINGO DE SILOS","mailcentro":"odsds@planalfa.es"-n-"codciclo":"COM201","nombreciclo":"Actividades Comerciales","grado":"GMedio"
"grado":"GMedio"-n-"nombrecentro":"OBRA DIOCESANA SANTO DOMINGO DE SILOS","mailcentro":"odsds@planalfa.es"-n-"codciclo":"ELE202","nombreciclo":"Instalaciones Electricas y Automaticas","grado":"GMedio"
"grado":"GMedio"-n-"nombrecentro":"OBRA DIOCESANA SANTO DOMINGO DE SILOS","mailcentro":"odsds@planalfa.es"-n-"codciclo":"ELE203","nombreciclo":"Instalaciones de Telecomunicaciones","grado":"GMedio"
"grado":"GMedio"-n-"nombrecentro":"OBRA DIOCESANA SANTO DOMINGO DE SILOS","mailcentro":"odsds@planalfa.es"-n-"codciclo":"SAN201","nombreciclo":"Cuidados Auxiliares de Enfermeria","grado":"GMedio"
"grado":"GMedio"-n-"nombrecentro":"OBRA DIOCESANA SANTO DOMINGO DE SILOS","mailcentro":"odsds@planalfa.es"-n-"codciclo":"SAN202","nombreciclo":"Farmacia y Parafarmacia","grado":"GMedio"
"grado":"GMedio"-n-"nombrecentro":"OBRA DIOCESANA SANTO DOMINGO DE SILOS","mailcentro":"odsds@planalfa.es"-n-"codciclo":"TMV202","nombreciclo":"Electromecanica de Vehiculos Automoviles","grado":"GMedio"
"grado":"GMedio"-n-"nombrecentro":"PABLO SERRANO","mailcentro":"iesandorra@educa.aragon.es"-n-"codciclo":"ADG201","nombreciclo":"Gestion Administrativa","grado":"GMedio"
"grado":"GMedio"-n-"nombrecentro":"PABLO SERRANO","mailcentro":"iesandorra@educa.aragon.es"-n-"codciclo":"ELE202","nombreciclo":"Instalaciones Electricas y Automaticas","grado":"GMedio"
"grado":"GMedio"-n-"nombrecentro":"PABLO SERRANO","mailcentro":"iesandorra@educa.aragon.es"-n-"codciclo":"HOT201","nombreciclo":"Cocina y Gastronomia","grado":"GMedio"
"grado":"GMedio"-n-"nombrecentro":"PABLO SERRANO","mailcentro":"iespsezaragoza@educa.aragon.es"-n-"codciclo":"ADG201","nombreciclo":"Gestion Administrativa","grado":"GMedio"
"grado":"GMedio"-n-"nombrecentro":"PABLO SERRANO","mailcentro":"iespsezaragoza@educa.aragon.es"-n-"codciclo":"ELE203","nombreciclo":"Instalaciones de Telecomunicaciones","grado":"GMedio"
"grado":"GMedio"-n-"nombrecentro":"PABLO SERRANO","mailcentro":"iespsezaragoza@educa.aragon.es"-n-"codciclo":"IFC201","nombreciclo":"Sistemas Microinformaticos y Redes","grado":"GMedio"
"grado":"GMedio"-n-"nombrecentro":"PEDRO CERRADA","mailcentro":"iesutebo@educa.aragon.es"-n-"codciclo":"ADG201","nombreciclo":"Gestion Administrativa","grado":"GMedio"
"grado":"GMedio"-n-"nombrecentro":"PEDRO CERRADA","mailcentro":"iesutebo@educa.aragon.es"-n-"codciclo":"ELE203","nombreciclo":"Instalaciones de Telecomunicaciones","grado":"GMedio"
"grado":"GMedio"-n-"nombrecentro":"PEDRO CERRADA","mailcentro":"iesutebo@educa.aragon.es"-n-"codciclo":"TMV202","nombreciclo":"Electromecanica de Vehiculos Automoviles","grado":"GMedio"
"grado":"GMedio"-n-"nombrecentro":"PILAR LORENGAR","mailcentro":"iesplozaragoza@educa.aragon.es"-n-"codciclo":"ARG202","nombreciclo":"Impresion Grafica","grado":"GMedio"
"grado":"GMedio"-n-"nombrecentro":"PILAR LORENGAR","mailcentro":"iesplozaragoza@educa.aragon.es"-n-"codciclo":"ARG203","nombreciclo":"Preimpresion Digital","grado":"GMedio"
"grado":"GMedio"-n-"nombrecentro":"PIRAMIDE","mailcentro":"cpifppiramide@educa.aragon.es"-n-"codciclo":"COM201","nombreciclo":"Actividades Comerciales","grado":"GMedio"
"grado":"GMedio"-n-"nombrecentro":"PIRAMIDE","mailcentro":"cpifppiramide@educa.aragon.es"-n-"codciclo":"ELE202","nombreciclo":"Instalaciones Electricas y Automaticas","grado":"GMedio"
"grado":"GMedio"-n-"nombrecentro":"PIRAMIDE","mailcentro":"cpifppiramide@educa.aragon.es"-n-"codciclo":"IMA201","nombreciclo":"Mantenimiento Electromecanico","grado":"GMedio"
"grado":"GMedio"-n-"nombrecentro":"PIRAMIDE","mailcentro":"cpifppiramide@educa.aragon.es"-n-"codciclo":"QUI201","nombreciclo":"Operaciones de Laboratorio","grado":"GMedio"
"grado":"GMedio"-n-"nombrecentro":"PIRINEOS","mailcentro":"iespijaca@educa.aragon.es"-n-"codciclo":"SAN201","nombreciclo":"Cuidados Auxiliares de Enfermeria","grado":"GMedio"
"grado":"GMedio"-n-"nombrecentro":"PIRINEOS","mailcentro":"iespijaca@educa.aragon.es"-n-"codciclo":"TMV202","nombreciclo":"Electromecanica de Vehiculos Automoviles","grado":"GMedio"
"grado":"GMedio"-n-"nombrecentro":"PLUS ULTRA","mailcentro":"centro@plusultraformacion.com"-n-"codciclo":"ADG201","nombreciclo":"Gestion Administrativa","grado":"GMedio"
"grado":"GMedio"-n-"nombrecentro":"RAMON Y CAJAL","mailcentro":"iesrychuesca@educa.aragon.es"-n-"codciclo":"IMS202","nombreciclo":"Video, disc-jockey y sonido","grado":"GMedio"
"grado":"GMedio"-n-"nombrecentro":"REYES CATOLICOS","mailcentro":"iesrcejea@educa.aragon.es"-n-"codciclo":"AGA201","nombreciclo":"Produccion Agropecuaria","grado":"GMedio"
"grado":"GMedio"-n-"nombrecentro":"REYES CATOLICOS","mailcentro":"iesrcejea@educa.aragon.es"-n-"codciclo":"SSC201","nombreciclo":"Atencion a Personas en situacion de Dependencia","grado":"GMedio"
"grado":"GMedio"-n-"nombrecentro":"RIO ARBA","mailcentro":"iestauste@educa.aragon.es"-n-"codciclo":"IFC201","nombreciclo":"Sistemas Microinformaticos y Redes","grado":"GMedio"
"grado":"GMedio"-n-"nombrecentro":"RIO GALLEGO","mailcentro":"iesrgazaragoza@educa.aragon.es"-n-"codciclo":"ELE202","nombreciclo":"Instalaciones Electricas y Automaticas","grado":"GMedio"
"grado":"GMedio"-n-"nombrecentro":"RIO GALLEGO","mailcentro":"iesrgazaragoza@educa.aragon.es"-n-"codciclo":"SAN202","nombreciclo":"Farmacia y Parafarmacia","grado":"GMedio"
"grado":"GMedio"-n-"nombrecentro":"RIO GALLEGO","mailcentro":"iesrgazaragoza@educa.aragon.es"-n-"codciclo":"SAN203","nombreciclo":"Emergencias Sanitarias","grado":"GMedio"
"grado":"GMedio"-n-"nombrecentro":"RIO GALLEGO","mailcentro":"iesrgazaragoza@educa.aragon.es"-n-"codciclo":"TMV202","nombreciclo":"Electromecanica de Vehiculos Automoviles","grado":"GMedio"
"grado":"GMedio"-n-"nombrecentro":"RODANAS","mailcentro":"iesepila@educa.aragon.es"-n-"codciclo":"ADG201","nombreciclo":"Gestion Administrativa","grado":"GMedio"
"grado":"GMedio"-n-"nombrecentro":"SALESIANO NTRA. SRA.DEL PILAR","mailcentro":"secretaria.zaragoza@salesianos.edu"-n-"codciclo":"ELE202","nombreciclo":"Instalaciones Electricas y Automaticas","grado":"GMedio"
"grado":"GMedio"-n-"nombrecentro":"SALESIANO NTRA. SRA.DEL PILAR","mailcentro":"secretaria.zaragoza@salesianos.edu"-n-"codciclo":"ELE203","nombreciclo":"Instalaciones de Telecomunicaciones","grado":"GMedio"
"grado":"GMedio"-n-"nombrecentro":"SALESIANO NTRA. SRA.DEL PILAR","mailcentro":"secretaria.zaragoza@salesianos.edu"-n-"codciclo":"FME202","nombreciclo":"Mecanizado","grado":"GMedio"
"grado":"GMedio"-n-"nombrecentro":"SALESIANO NTRA. SRA.DEL PILAR","mailcentro":"secretaria.zaragoza@salesianos.edu"-n-"codciclo":"IFC201","nombreciclo":"Sistemas Microinformaticos y Redes","grado":"GMedio"
"grado":"GMedio"-n-"nombrecentro":"SALESIANO NTRA. SRA.DEL PILAR","mailcentro":"secretaria.zaragoza@salesianos.edu"-n-"codciclo":"TMV202","nombreciclo":"Electromecanica de Vehiculos Automoviles","grado":"GMedio"
"grado":"GMedio"-n-"nombrecentro":"SALESIANOS LAVIAGA-CASTILLO","mailcentro":"secretaria.laalmunia@salesianos.edu"-n-"codciclo":"ELE202","nombreciclo":"Instalaciones Electricas y Automaticas","grado":"GMedio"
"grado":"GMedio"-n-"nombrecentro":"SALESIANOS LAVIAGA-CASTILLO","mailcentro":"secretaria.laalmunia@salesianos.edu"-n-"codciclo":"FME203","nombreciclo":"Soldadura y Caldereria","grado":"GMedio"
"grado":"GMedio"-n-"nombrecentro":"SALESIANOS LAVIAGA-CASTILLO","mailcentro":"secretaria.laalmunia@salesianos.edu"-n-"codciclo":"IMA201","nombreciclo":"Mantenimiento Electromecanico","grado":"GMedio"
"grado":"GMedio"-n-"nombrecentro":"SALVADOR VICTORIA","mailcentro":"iesmonreal@educa.aragon.es"-n-"codciclo":"IMA202","nombreciclo":"Instalaciones Frigorificas y de Climatizacion","grado":"GMedio"
"grado":"GMedio"-n-"nombrecentro":"SALVADOR VICTORIA","mailcentro":"iesmonreal@educa.aragon.es"-n-"codciclo":"IMA203","nombreciclo":"Instalaciones de Produccion de Calor","grado":"GMedio"
"grado":"GMedio"-n-"nombrecentro":"SAN ALBERTO MAGNO","mailcentro":"iesamsabinanigo@educa.aragon.es"-n-"codciclo":"IFC201","nombreciclo":"Sistemas Microinformaticos y Redes","grado":"GMedio"
